"RegionType","RegionName","City","State","Metro","CBSATitle","SizeRank","MarketHealthIndex","SellForGain","PrevForeclosed","ForeclosureRatio","ZHVI","MoM","YoY","ForecastYoYPctChange","StockOfREOs","NegativeEquity","Delinquency","DaysOnMarket"
"Metro","New York, NY",,"NY","New York, NY","""New York-Newark-Jersey City, NY-NJ-PA""",1,6.70822942643392,87.26,3.3188,0.2608,398000,0.555836280949975,5.73857598299681,0.0363517587939699,,0.110466553651428,0.114019318699655,146
"Metro","Los Angeles-Long Beach-Anaheim, CA",,"CA","Los Angeles-Long Beach-Anaheim, CA","""Los Angeles-Long Beach-Anaheim, CA""",2,6.58354114713217,93.62,4.2395,0.6834,584700,0.515729757607014,5.98151169113649,0.0154010603728407,,0.0609042416786731,0.0333337764304898,69
"Metro","Chicago, IL",,"IL","Chicago, IL","""Chicago-Naperville-Elgin, IL-IN-WI""",3,1.02244389027431,70.67,,,202100,0.397416790859414,4.60662525879917,0.0289559623948541,,0.189739027843424,0.0475630461702001,105
"Metro","Dallas-Fort Worth, TX",,"TX","Dallas-Fort Worth, TX","""Dallas-Fort Worth-Arlington, TX""",4,9.75062344139651,97.41,3.3402,0.0867,198900,0.759878419452888,12.309429700734,0.0494167923579689,,0.047702854166366,0.0203086727820148,52
"Metro","Philadelphia, PA",,"PA","Philadelphia, PA","""Philadelphia-Camden-Wilmington, PA-NJ-DE-MD""",5,2.81795511221945,83.34,6.1506,0.0599,213400,0.423529411764706,4.04680643588493,0.0281021555763823,,0.141678959798411,0.0725522728104581,103
"Metro","Houston, TX",,"TX","Houston, TX","""Houston-The Woodlands-Sugar Land, TX""",6,8.87780548628429,89.66,,,175800,0.285225328009127,7.52293577981651,0.0326336746302616,,0.0692970628168503,0.020876440469854,98
"Metro","Washington, DC",,"DC","Washington, DC","""Washington-Arlington-Alexandria, DC-VA-MD-WV""",7,3.34164588528678,84.1,3.8492,0.24,375900,0.427464600587764,2.64882577826324,0.0240728917265229,,0.14170623640137,0.0441042988662063,76
"Metro","Miami-Fort Lauderdale, FL",,"FL","Miami-Fort Lauderdale, FL","""Miami-Fort Lauderdale-West Palm Beach, FL""",8,5.91022443890274,85.61,,,243800,0.743801652892562,9.13160250671441,0.0164643150123052,,0.118165105384814,0.0650728891328615,107
"Metro","Atlanta, GA",,"GA","Atlanta, GA","""Atlanta-Sandy Springs-Roswell, GA""",9,5.26184538653367,85.87,,,171100,0.706297822248381,7.54242614707731,0.04822910578609,,0.14654955268284,0.0365346510797341,73
"Metro","Boston, MA",,"MA","Boston, MA","""Boston-Cambridge-Newton, MA-NH""",10,6.65835411471322,91.67,,,405200,0.720855083271191,5.96234309623431,0.0314536031589339,,0.0657220366057235,0.0373172388881926,74
"Metro","San Francisco, CA",,"CA","San Francisco, CA","""San Francisco-Oakland-Hayward, CA""",11,7.83042394014963,94.22,3.8986,0.3979,821800,0.513698630136986,5.37248365175022,0.0128510586517401,,0.0396732437582546,0.0231032792368264,51
"Metro","Detroit, MI",,"MI","Detroit, MI","""Detroit-Warren-Dearborn, MI""",12,7.58104738154614,84.34,,,133100,0.90978013646702,9.00900900900901,0.039564237415477,,0.139758991222948,0.0253559260616608,88
"Metro","Riverside, CA",,"CA","Riverside, CA","""Riverside-San Bernardino-Ontario, CA""",13,5.88528678304239,85.64,7.5809,1.3698,316500,0.41243654822335,6.74536256323777,0.0478736176935228,,0.120101604032034,0.0378254342097024,81
"Metro","Phoenix, AZ",,"AZ","Phoenix, AZ","""Phoenix-Mesa-Scottsdale, AZ""",14,5.93516209476309,86.09,6.3519,1.2318,227500,0.574712643678161,6.95815702867889,0.031265934065934,,0.12636850352247,0.0228954468972301,70
"Metro","Seattle, WA",,"WA","Seattle, WA","""Seattle-Tacoma-Bellevue, WA""",15,8.35411471321696,95.57,5.216,2.3595,409900,0.836408364083641,12.2091431699973,0.0560087826299098,,0.0737703480948114,0.0290523942776,55
"Metro","Minneapolis-St Paul, MN",,"MN","Minneapolis-St Paul, MN","""Minneapolis-St. Paul-Bloomington, MN-WI""",16,6.05985037406484,81.28,8.0607,0.1907,233000,0.561070349589987,6.19872379216044,0.0305364806866952,,0.0889502986893061,0.0195527816782046,84
"Metro","San Diego, CA",,"CA","San Diego, CA","""San Diego-Carlsbad, CA""",17,7.0573566084788,91.89,3.1455,0.6943,524900,0.40168324407039,6.40583823231299,0.0207944370356259,,0.0706483848477806,0.0233552631578947,64
"Metro","St. Louis, MO",,"MO","St. Louis, MO","""St. Louis, MO-IL""",18,3.44139650872818,64.62,,,147000,0.616016427104723,6.75381263616558,0.0375986394557823,,0.147428015148255,0.031882326387674,80
"Metro","Tampa, FL",,"FL","Tampa, FL","""Tampa-St. Petersburg-Clearwater, FL""",19,6.95760598503741,84.15,,,175200,1.03806228373702,10.9563014566181,0.0479223744292236,,0.121141952483042,0.0683760571497921,83
"Metro","Baltimore, MD",,"MD","Baltimore, MD","""Baltimore-Columbia-Towson, MD""",20,0.997506234413965,80.56,9.5837,1.0834,254800,0.473186119873817,3.11614730878187,0.024682103610675,,0.16709493148263,0.053059856651864,104
"Metro","Denver, CO",,"CO","Denver, CO","""Denver-Aurora-Lakewood, CO""",21,9.92518703241895,98.22,2.1594,0.0751,350400,0.747556066705003,10.188679245283,0.0362414383561644,,0.0475694229144345,0.00546613916416331,59
"Metro","Pittsburgh, PA",,"PA","Pittsburgh, PA","""Pittsburgh, PA""",22,6.45885286783042,89.18,2.5625,,133000,0.301659125188537,5.13833992094862,0.026045112781955,,0.0920271280053304,0.0266237807261501,96
"Metro","Portland, OR",,"OR","Portland, OR","""Portland-Vancouver-Hillsboro, OR-WA""",23,9.52618453865337,96.68,3.8552,2.5092,349500,0.924054288189431,14.6277468022302,0.0521516452074391,,0.0423062787058906,0.0244549194220441,66
"Metro","Charlotte, NC",,"NC","Charlotte, NC","""Charlotte-Concord-Gastonia, NC-SC""",24,7.28179551122195,86.05,5.6827,0.044,165800,0.667880995749848,7.24450194049159,0.0393968636911941,,0.0921284958982725,0.0342757779879916,76
"Metro","Sacramento, CA",,"CA","Sacramento, CA","""Sacramento--Roseville--Arden-Arcade, CA""",25,8.05486284289277,90.17,5.7412,0.4465,348600,0.635103926096998,7.62581043531954,0.0478600114744694,,0.0879346211347955,0.0271261759349194,62
"Metro","San Antonio, TX",,"TX","San Antonio, TX","""San Antonio-New Braunfels, TX""",26,7.80548628428928,,,,155600,0.387096774193548,6.50239561943874,0.0374742930591259,,0.109753450685365,0.0180958925421309,
"Metro","Orlando, FL",,"FL","Orlando, FL","""Orlando-Kissimmee-Sanford, FL""",27,7.48129675810474,84.25,,,195400,0.981912144702842,9.10106085985483,0.0574155578300921,,0.133888659721521,0.0577568973914897,90
"Metro","Cincinnati, OH",,"OH","Cincinnati, OH","""Cincinnati, OH-KY-IN""",28,5.08728179551122,83.6,4.1387,0.0968,146900,0.54757015742642,5.60747663551402,0.0306398910823689,,0.125366180920833,0.0343562631618818,85
"Metro","Cleveland, OH",,"OH","Cleveland, OH","""Cleveland-Elyria, OH""",29,1.49625935162095,77.97,6.1471,1.3093,129900,0.697674418604651,5.09708737864078,0.0285219399538106,,0.154600806494264,0.0552892076894471,83
"Metro","Kansas City, MO",,"MO","Kansas City, MO","""Kansas City, MO-KS""",30,3.19201995012469,82.14,,,151400,0.264900662251656,5.9482155353394,0.0353236459709378,,0.149560720480949,0.0217702969208501,78
"Metro","Las Vegas, NV",,"NV","Las Vegas, NV","""Las Vegas-Henderson-Paradise, NV""",31,1.77057356608479,77.63,9.9198,3.0055,212600,0.330344502123643,10.0983946141895,0.0505503292568203,,0.194554835111204,0.068401720121842,74
"Metro","Columbus, OH",,"OH","Columbus, OH","""Columbus, OH""",32,4.46384039900249,87.23,3.9621,0.2543,159200,0.441640378548896,3.57839947950553,0.0315201005025125,,0.102446750422596,0.0344219168102904,70
"Metro","Indianapolis, IN",,"IN","Indianapolis, IN","""Indianapolis-Carmel-Anderson, IN""",33,3.61596009975062,97.73,,,133100,0.150489089541008,1.06302201974184,0.0422163786626597,,0.152182745375424,0.0349394505315464,93.5
"Metro","San Jose, CA",,"CA","San Jose, CA","""San Jose-Sunnyvale-Santa Clara, CA""",34,8.60349127182045,97.01,2.7473,0.3512,958900,0.292856395774501,4.46671750735374,0.00641255605381175,,0.0244290903346631,0.0151742845936369,51
"Metro","Austin, TX",,"TX","Austin, TX","""Austin-Round Rock, TX""",35,6.15960099750623,71.43,,,258600,0.271423032183017,8.38222967309304,0.0317401392111369,,0.0671038674909994,0.00714343845269723,62.5
"Metro","Virginia Beach, VA",,"VA","Virginia Beach, VA","""Virginia Beach-Norfolk-Newport News, VA-NC""",36,2.39401496259352,77.94,1.8529,0.368,217600,0.322729368372522,2.15962441314554,0.0208961397058824,,0.198566649881351,0.0327684505291729,93
"Metro","Nashville, TN",,"TN","Nashville, TN","""Nashville-Davidson--Murfreesboro--Franklin, TN""",37,9.70074812967581,94.49,3.5363,0.0598,202400,1.2,11.4537444933921,0.0427766798418971,,0.0697594111465999,0.012163397377689,65
"Metro","Providence, RI",,"RI","Providence, RI","""Providence-Warwick, RI-MA""",38,2.24438902743142,81,9.6983,7.0975,257500,0.703949941337505,5.36006546644844,0.0427766990291263,,0.114946453453643,0.0577761495821977,91
"Metro","Milwaukee, WI",,"WI","Milwaukee, WI","""Milwaukee-Waukesha-West Allis, WI""",39,4.214463840399,93.06,1.6023,1.2702,207200,0.484966052376334,8.48167539267016,0.0287934362934363,,0.163247282602067,0.0398617733065786,82
"Metro","Jacksonville, FL",,"FL","Jacksonville, FL","""Jacksonville, FL""",40,3.11720698254364,74.9,,,173300,0.93185789167152,6.77757239679606,0.042273514137334,,0.16334139239699,0.0526589807537905,85
"Metro","Memphis, TN",,"TN","Memphis, TN","""Memphis, TN-MS-AR""",41,3.91521197007481,72.32,9.5765,0.0318,115700,0.608695652173913,3.95327942497754,0.0513569576490924,,0.168887380685886,0.0437604210835373,84
"Metro","Oklahoma City, OK",,"OK","Oklahoma City, OK","""Oklahoma City, OK""",42,8.00498753117207,100,5.9628,,133900,0.525525525525526,3.87897595034911,0.0310828976848394,,0.0860648388972597,0.0235781720713865,102
"Metro","Louisville-Jefferson County, KY",,"KY","Louisville/Jefferson County, KY","""Louisville/Jefferson County, KY-IN""",43,8.70324189526185,96.61,,,143900,0.982456140350877,8.11419984973704,0.0447533009034051,,0.103207592756946,0.0232217548606465,73
"Metro","Hartford, CT",,"CT","Hartford, CT","""Hartford-West Hartford-East Hartford, CT""",44,1.19700748129676,75.29,2.4085,1.5081,219900,0.0454959053685168,1.19650253106305,0.0112505684402,,0.145864238477254,0.0583937151663186,108
"Metro","Richmond, VA",,"VA","Richmond, VA","""Richmond, VA""",45,3.29177057356608,79.92,5.8775,0.0909,198800,0.556398583712696,4.41176470588235,0.0275201207243461,,0.137116612198352,0.0296254610734585,77
"Metro","Buffalo, NY",,"NY","Buffalo, NY","""Buffalo-Cheektowaga-Niagara Falls, NY""",46,3.04239401496259,100,,,136600,0.367376928728876,2.32209737827715,0.0264128843338214,,0.0595519018260745,0.0459150897714247,88
"Metro","Raleigh, NC",,"NC","Raleigh, NC","""Raleigh, NC""",47,9.02743142144638,89.91,2.4418,0.0455,220000,0.548446069469835,7.52688172043011,0.0411318181818181,,0.0672855781842537,0.0210902677503996,63
"Metro","Birmingham, AL",,"AL","Birmingham, AL","""Birmingham-Hoover, AL""",48,2.69326683291771,77.44,,,130600,0.538876058506544,3.98089171974522,0.0371822358346094,,0.129582318848293,0.0327537646332575,89.5
"Metro","Salt Lake City, UT",,"UT","Salt Lake City, UT","""Salt Lake City, UT""",49,8.5785536159601,,,,248300,0.526315789473684,8.0034797738147,0.042529198550141,,0.150431435853942,0.0124969076981686,
"Metro","Rochester, NY",,"NY","Rochester, NY","""Rochester, NY""",50,2.61845386533666,65,9.7096,0.2001,129400,0.387897595034911,2.45447347585115,0.0215765069551777,,0.0608531193724066,0.0586892977170519,107.5
"Metro","Grand Rapids, MI",,"MI","Grand Rapids, MI","""Grand Rapids-Wyoming, MI""",51,9.35162094763092,95.53,,,162000,0.746268656716418,8.65191146881288,0.0385740740740741,,0.0678987748268656,0.0142737236544359,76
"Metro","Tucson, AZ",,"AZ","Tucson, AZ","""Tucson, AZ""",52,4.58852867830424,77.37,8.532,0.9039,174000,0.986651189785258,5.58252427184466,0.0486609195402299,,0.182933316139848,0.0354656797955767,84
"Metro","Urban Honolulu, HI",,"HI","Urban Honolulu, HI","""Urban Honolulu, HI""",53,6.73316708229426,50,,0.4072,638600,0.646178092986604,4.89487516425756,0.0385186345129971,,0.0430839299035454,0.0297691373025516,70
"Metro","Tulsa, OK",,"OK","Tulsa, OK","""Tulsa, OK""",54,5.7356608478803,81.82,1.4815,,125000,0.644122383252818,5.30749789385004,0.028608,,0.0992998597580812,0.0305898031850193,82
"Metro","Fresno, CA",,"CA","Fresno, CA","""Fresno, CA""",55,4.86284289276808,85.44,7.9672,1.5457,213300,0.755786490316486,8.16430020283976,0.0458509142053445,,0.145217799995727,0.0382493563810224,71
"Metro","Worcester, MA",,"MA","Worcester, MA","""Worcester, MA-CT""",56,1.14713216957606,81.99,10.1975,9.7065,240100,0.502302218501465,6.38015064244572,0.0339525197834236,,0.116906449764554,0.0721062612419519,84
"Metro","Stamford, CT",,"CT","Stamford, CT","""Bridgeport-Stamford-Norwalk, CT""",57,2.14463840399003,68.55,3.1116,1.2696,396500,0.456042563972637,-0.151095441954168,0.0213316519546027,,0.133441316680356,0.0694356555255134,124
"Metro","Albuquerque, NM",,"NM","Albuquerque, NM","""Albuquerque, NM""",58,2.21945137157107,0,,,170300,1.06824925816024,4.03176542455712,0.0458015267175573,,0.203757059415229,0.0536766521810189,
"Metro","Albany, NY",,"NY","Albany, NY","""Albany-Schenectady-Troy, NY""",59,1.07231920199501,84.02,5.133,1.4143,194100,0.206504904491482,2.10415570752236,0.015801133436373,,0.109789712781859,0.0603275252583446,112
"Metro","Omaha, NE",,"NE","Omaha, NE","""Omaha-Council Bluffs, NE-IA""",60,7.50623441396509,92.86,,,151300,0.866666666666667,5.65642458100559,0.0339854593522801,,0.102774535281019,0.0184859877791564,69
"Metro","New Haven, CT",,"CT","New Haven, CT","""New Haven-Milford, CT""",61,1.89526184538653,75.19,3.3698,0.8327,216500,0.510677808727948,1.3102480112307,0.023769053117783,,0.190322929401296,0.0657199038671619,113
"Metro","Bakersfield, CA",,"CA","Bakersfield, CA","""Bakersfield, CA""",62,1.84538653366584,82.21,7.9263,2.401,185900,0.215633423180593,3.85474860335196,0.0322108660570199,,0.173201302993107,0.0352981260647359,82
"Metro","Knoxville, TN",,"TN","Knoxville, TN","""Knoxville, TN""",63,7.1072319201995,83.33,10.044,0.0257,142100,0.923295454545455,5.49368968077209,0.0444123856439127,,0.115772473458006,0.0173578790905419,89
"Metro","Greenville, SC",,"SC","Greenville, SC","""Greenville-Anderson-Mauldin, SC""",64,6.75810473815461,89.37,4.3858,,147800,0.612661674608577,7.49090909090909,0.0356495263870096,,0.0765405385968495,0.0316125291875189,81
"Metro","Ventura, CA",,"CA","Ventura, CA","""Oxnard-Thousand Oaks-Ventura, CA""",65,7.88029925187032,89.84,3.5736,0.6605,547100,0.514422193643212,5.61776061776062,0.0309797112045329,,0.0672948316131995,0.0333728863838624,74
"Metro","Allentown, PA",,"PA","Allentown, PA","""Allentown-Bethlehem-Easton, PA-NJ""",66,1.79551122194514,70,1.0338,,180800,0.444444444444444,-0.275785990071704,0.0167477876106195,,0.144797321695559,0.059869130689861,110
"Metro","El Paso, TX",,"TX","El Paso, TX","""El Paso, TX""",67,1.09725685785536,0,,,111700,0.269299820466786,1.91605839416058,0.03680393912265,,0.174287347288705,0.0257566441210631,
"Metro","Baton Rouge, LA",,"LA","Baton Rouge, LA","""Baton Rouge, LA""",68,6.50872817955112,88.4,,,162100,0.683229813664596,6.78524374176548,0.0332880937692783,,0.136955481943704,0.0272758452586098,86
"Metro","Dayton, OH",,"OH","Dayton, OH","""Dayton, OH""",69,3.31670822942643,81.08,3.8588,,108600,1.02325581395349,5.53935860058309,0.0321178637200736,,0.170326578433291,0.0360553665380063,83
"Metro","Columbia, SC",,"SC","Columbia, SC","""Columbia, SC""",70,0.623441396508728,72.64,11.0089,,123500,0.243506493506494,4.30743243243243,0.0364048582995951,,0.13608646434755,0.0514959967763689,101
"Metro","Akron, OH",,"OH","Akron, OH","""Akron, OH""",71,3.84039900249377,79.81,6.2521,0.095,129400,0.622083981337481,3.85232744783307,0.0302086553323029,,0.126527905845318,0.0367816262696194,86
"Metro","North Port-Sarasota-Bradenton, FL",,"FL","North Port-Sarasota-Bradenton, FL","""North Port-Sarasota-Bradenton, FL""",72,7.13216957605985,83.43,6.6671,0.2087,239400,1.18343195266272,8.32579185520362,0.0227736006683374,,0.0735107648766294,0.0554636573109628,102
"Metro","Little Rock, AR",,"AR","Little Rock, AR","""Little Rock-North Little Rock-Conway, AR""",73,5.81047381546135,87.5,7.5562,0.1593,131100,0.459770114942529,3.80047505938242,0.0345385202135775,,0.120551184188451,0.03019111626245,96
"Metro","Stockton, CA",,"CA","Stockton, CA","""Stockton-Lodi, CA""",74,7.85536159600997,89.49,7.1579,0.7738,297600,0.84717045069468,10.8792846497765,0.0662029569892473,,0.118548109373924,0.0305600743667209,67
"Metro","Syracuse, NY",,"NY","Syracuse, NY","""Syracuse, NY""",75,0.972568578553616,79.63,,,123400,0.32520325203252,1.89925681255161,0.0242706645056725,,0.113765752032916,0.0496967276461622,104
"Metro","Colorado Springs, CO",,"CO","Colorado Springs, CO","""Colorado Springs, CO""",76,9.17705735660848,94.12,3.4878,,243300,0.828843762950684,8.03730017761989,0.0385326757090012,,0.0949751312568796,0.0132280020068496,66
"Metro","Winston-Salem, NC",,"NC","Winston-Salem, NC","""Winston-Salem, NC""",77,4.1645885286783,74.35,6.2206,0.1295,127800,0.471698113207547,4.24143556280587,0.0386776212832551,,0.111732986682058,0.0338167313839427,96
"Metro","Springfield, MA",,"MA","Springfield, MA","""Springfield, MA""",78,1.571072319202,86.23,6.9359,6.9662,204200,0.492125984251969,4.1305456399796,0.0303134182174338,,0.100225990816054,0.0786110871456263,89
"Metro","Fort Myers, FL",,"FL","Fort Myers, FL","""Cape Coral-Fort Myers, FL""",79,8.6783042394015,81.71,,,221400,0.682128240109141,10.3688933200399,0.0392366757000904,,0.0888413794647354,0.0411994456343707,113
"Metro","Boise City, ID",,"ID","Boise City, ID","""Boise City, ID""",80,6.60847880299252,83.63,,,186300,0.431266846361186,9.20281359906213,0.0344766505636072,,0.13315399877684,0.0143756841777733,63
"Metro","Toledo, OH",,"OH","Toledo, OH","""Toledo, OH""",81,2.76807980049875,77.56,5.0105,0.1439,104500,0.191754554170662,6.09137055837564,0.0228133971291866,,0.172256356754735,0.0411039728198379,91.5
"Metro","Madison, WI",,"WI","Madison, WI","""Madison, WI""",82,8.22942643391521,92.31,2.0418,,221300,0.682438580527753,6.5479056331247,0.0307636692272932,,0.0639042337207794,0.0147061373500411,71
"Metro","Lakeland, FL",,"FL","Lakeland, FL","""Lakeland-Winter Haven, FL""",83,5.21197007481297,79.94,,,150600,0.803212851405622,9.52727272727273,0.0502257636122179,,0.159626378935502,0.0605326876513317,94
"Metro","Ogden, UT",,"UT","Ogden, UT","""Ogden-Clearfield, UT""",84,9.82543640897756,,,,216700,0.931532370749884,11.1282051282051,0.0472311952007383,,0.120675367012778,0.013589698834969,
"Metro","Daytona Beach, FL",,"FL","Daytona Beach, FL","""Deltona-Daytona Beach-Ormond Beach, FL""",85,6.80798004987531,84.41,,,169500,0.952948183442525,9.70873786407767,0.0473923303834809,,0.137186442859385,0.058486015068639,97
"Metro","Des Moines, IA",,"IA","Des Moines, IA","""Des Moines-West Des Moines, IA""",86,7.75561097256858,96.23,1.9748,0.1705,166800,0.481927710843374,4.51127819548872,0.0330275779376499,,0.0764357869497634,0.0291568984216388,83
"Metro","Jackson, MS",,"MS","Jackson, MS","""Jackson, MS""",87,1.22194513715711,,,,124100,0.24232633279483,2.90215588723051,0.0381950040290089,,0.17249608169784,0.0434969305559335,
"Metro","Youngstown, OH",,"OH","Youngstown, OH","""Youngstown-Warren-Boardman, OH-PA""",88,1.17206982543641,80.77,,,82900,0.241837968561064,1.59313725490196,0.0238118214716525,,0.163824837648682,0.0393591403360315,108.5
"Metro","Augusta, GA",,"GA","Augusta, GA","""Augusta-Richmond County, GA-SC""",89,2.91770573566085,77.27,,,102900,0.586510263929619,5.10725229826353,0.0405636540330419,,0.144385607078628,0.0294326956052762,85.5
"Metro","Scranton, PA",,"PA","Scranton, PA","""Scranton--Wilkes-Barre--Hazleton, PA""",90,0.523690773067332,75.24,,,113700,0.441696113074205,0.619469026548673,0.0224274406332454,,0.200793432799206,0.0392362468050714,119
"Metro","Harrisburg, PA",,"PA","Harrisburg, PA","""Harrisburg-Carlisle, PA""",91,2.7431421446384,84.76,,,163400,0.677757239679606,1.36476426799007,0.0238004895960833,,0.0961606237996588,0.027955459643207,84.5
"Metro","Melbourne, FL",,"FL","Melbourne, FL","""Palm Bay-Melbourne-Titusville, FL""",92,5.96009975062344,86.2,,,173700,0.462695199537305,11.6323907455013,0.0380598733448474,,0.111577026152851,0.0546640438968837,82
"Metro","Chattanooga, TN",,"TN","Chattanooga, TN","""Chattanooga, TN-GA""",93,5.36159600997506,85.24,,,135100,0.37147102526003,4.89130434782609,0.0336121391561806,,0.108340237177124,0.0188797495880742,88
"Metro","Spokane, WA",,"WA","Spokane, WA","""Spokane-Spokane Valley, WA""",94,6.83291770573566,88.37,7.367,2.8865,189800,0.903774587985114,10.2206736353078,0.0448946259220231,,0.0772210539630338,0.0288697788697789,73
"Metro","Provo, UT",,"UT","Provo, UT","""Provo-Orem, UT""",95,9.47630922693267,,,,246900,0.693311582381729,9.490022172949,0.0432037262049412,,0.130319305263806,0.0108793974013383,
"Metro","Lancaster, PA",,"PA","Lancaster, PA","""Lancaster, PA""",96,5.01246882793017,87.1,3.9847,0.0676,188400,0.266098988823842,3.28947368421053,0.0250530785562633,,0.0677089581084143,0.0340551181102362,89
"Metro","Modesto, CA",,"CA","Modesto, CA","""Modesto, CA""",97,5.6857855361596,90.62,7.8839,1.0362,256600,0.391236306729264,9.14504466184602,0.0298908807482463,,0.106649357116181,0.0336835084208771,70
"Metro","Durham, NC",,"NC","Durham, NC","""Durham-Chapel Hill, NC""",98,8.15461346633417,85.48,,,204900,0.787014264633546,7.33368255631221,0.0465934602244997,,0.0742353530351085,0.0224573450344934,67
"Metro","Santa Rosa, CA",,"CA","Santa Rosa, CA","""Santa Rosa, CA""",99,8.85286783042394,97.12,3.3337,0.2918,567600,0.477960701009028,7.76533130814505,0.00962649753347433,,0.0411885796115636,0.020425901781834,58
"Metro","Lexington, KY",,"KY","Lexington, KY","""Lexington-Fayette, KY""",100,7.23192019950125,90.24,,,151000,0.868403473613894,5.29986052998605,0.0380794701986755,,0.0991998802020011,0.0204071724755273,71
"Metro","Lafayette, LA",,"LA","Lafayette, LA","""Lafayette, LA""",101,6.13466334164589,,,,135700,0.593031875463306,8.99598393574297,0.0365291083271924,,0.174627637711507,0.0278486362621967,
"Metro","Lansing, MI",,"MI","Lansing, MI","""Lansing-East Lansing, MI""",102,1.12219451371571,75,,,136300,0.0734214390602056,6.484375,0.0297798972853998,,0.180643925179642,0.0207630065973459,88
"Metro","Fayetteville, AR",,"AR","Fayetteville, AR","""Fayetteville-Springdale-Rogers, AR-MO""",103,7.73067331670823,89.66,,,154800,0.846905537459283,8.63157894736842,0.0367183462532299,,0.115365353455312,0.0187242884975136,82
"Metro","Pensacola, FL",,"FL","Pensacola, FL","""Pensacola-Ferry Pass-Brent, FL""",104,2.16957605985037,78.97,,,148300,0.542372881355932,5.25195173882186,0.0369723533378288,,0.150192022864477,0.0504322545281363,92.5
"Metro","Visalia, CA",,"CA","Visalia, CA","""Visalia-Porterville, CA""",105,3.54114713216958,84.24,10.8652,1.7329,179700,0.447177193963108,6.33136094674556,0.0416471897607122,,0.158661186142102,0.0327165062916358,77
"Metro","Shreveport, LA",,"LA","Shreveport, LA","""Shreveport-Bossier City, LA""",106,6.43391521197008,,,,120500,0.921273031825796,7.97491039426523,0.0305477178423237,,0.135979628054607,0.0316041789374199,
"Metro","Springfield, MO",,"MO","Springfield, MO","""Springfield, MO""",107,2.7930174563591,,,,120900,0,3.0690537084399,0.0264350703060381,,0.112823961032214,0.0178711017034185,
"Metro","York, PA",,"PA","York, PA","""York-Hanover, PA""",108,0.798004987531172,75.32,9.6822,,161800,0.496894409937888,3.71794871794872,0.0310877626699628,,0.130513311916613,0.0473272765687724,90
"Metro","Flint, MI",,"MI","Flint, MI","""Flint, MI""",109,5.23690773067332,81.58,,,90200,1.12107623318386,8.15347721822542,0.0403547671840354,,0.244222591976336,0.0290184203885945,97
"Metro","Reno, NV",,"NV","Reno, NV","""Reno, NV""",110,7.1571072319202,82.52,4.2044,,300700,0.737018425460636,11.5356083086053,0.0326671100764881,,0.0752734268414016,0.0453174647253962,71
"Metro","Asheville, NC",,"NC","Asheville, NC","""Asheville, NC""",111,9.65087281795511,90.28,,,209600,1.35396518375242,11.5486961149548,0.043206106870229,,0.0547368748158913,0.0214721826570036,100
"Metro","Port St. Lucie, FL",,"FL","Port St. Lucie, FL","""Port St. Lucie, FL""",112,8.55361596009975,87.37,,,192700,0.574112734864301,13.219741480611,0.0537052413077321,,0.0993535486173681,0.0640712629438548,99
"Metro","Santa Maria-Santa Barbara, CA",,"CA","Santa Maria-Santa Barbara, CA","""Santa Maria-Santa Barbara, CA""",113,6.10972568578554,92.16,5.0189,0.7229,558300,0.233393177737881,3.50389321468298,0.0311982804943578,,0.0932455271286205,0.0321875,78
"Metro","Huntsville, AL",,"AL","Huntsville, AL","""Huntsville, AL""",114,2.34413965087282,72.17,,,152900,0,1.12433862433862,0.0291955526487901,,0.133599912357581,0.022960229602296,109.5
"Metro","Fort Wayne, IN",,"IN","Fort Wayne, IN","""Fort Wayne, IN""",115,3.69077306733167,100,,,108800,0.184162062615101,-0.820419325432999,0.0328124999999999,,0.120994533535183,0.030768397986009,
"Metro","Salinas, CA",,"CA","Salinas, CA","""Salinas, CA""",116,8.90274314214464,94.32,7.4613,0.5429,488000,0.86812732534105,11.2377478914976,0.0506557377049179,,0.0909865897242532,0.0324324324324324,76
"Metro","Vallejo, CA",,"CA","Vallejo, CA","""Vallejo-Fairfield, CA""",117,7.45635910224439,89.86,10.6213,0.9571,373900,0.754513608191862,10.7851851851852,0.0502433805830436,,0.103386461254482,0.0348497854077253,62
"Metro","Mobile, AL",,"AL","Mobile, AL","""Mobile, AL""",118,5.48628428927681,,,,107300,0.56232427366448,6.9790628115653,0.034044734389562,,0.177400455439853,0.036889332003988,110
"Metro","Reading, PA",,"PA","Reading, PA","""Reading, PA""",119,2.09476309226933,78.24,,,163200,0.430769230769231,3.2258064516129,0.0270894607843137,,0.104429867912661,0.0428497676819824,107
"Metro","Brownsville, TX",,"TX","Brownsville, TX","""Brownsville-Harlingen, TX""",120,2.31920199501247,,,,75700,0.264900662251656,0.933333333333333,0.0470937912813738,,0.162811754053832,0.0353892821031345,
"Metro","Killeen, TX",,"TX","Killeen, TX","""Killeen-Temple, TX""",121,4.56359102244389,100,,,117800,0.25531914893617,3.88007054673721,0.0407215619694397,,0.240961036319585,0.0271527551675306,
"Metro","Manchester, NH",,"NH","Manchester, NH","""Manchester-Nashua, NH""",122,7.40648379052369,82.33,,,244600,0.65843621399177,4.04083368779243,0.0334464431725265,,0.0888732833957553,0.0238805970149254,83
"Metro","Salem, OR",,"OR","Salem, OR","""Salem, OR""",123,7.43142144638404,95.63,6.5965,6.0528,225600,1.21130551816958,14.5177664974619,0.0629122340425532,,0.0671470664930965,0.0432955371803616,78
"Metro","Anchorage, AK",,"AK","Anchorage, AK","""Anchorage, AK""",124,5.16209476309227,83.58,,,279800,-0.21398002853067,0.179018976011457,0.04493924231594,,0.143872265220055,0.0103258523356409,95
"Metro","Davenport, IL",,"IL","Davenport, IL","""Davenport-Moline-Rock Island, IA-IL""",125,2.96758104738155,86.21,,,119300,-1.07794361525705,1.35938827527613,0.0219362950544846,,0.111799979058417,0.0218762542827989,92.5
"Metro","Peoria, IL",,"IL","Peoria, IL","""Peoria, IL""",126,2.36907730673317,70.48,,,115900,-0.343938091143594,0.346320346320346,0.0278429680759276,,0.111642945753616,0.0243503717586773,107
"Metro","Myrtle Beach, SC",,"SC","Myrtle Beach, SC","""Myrtle Beach-Conway-North Myrtle Beach, SC-NC""",127,6.55860349127182,76.52,,,169600,0.4739336492891,5.7356608478803,0.0459375,,0.118620887394743,0.0399617287688227,145
"Metro","Montgomery, AL",,"AL","Montgomery, AL","""Montgomery, AL""",128,3.26683291770574,,,,108100,0.371402042711235,0.83955223880597,0.0392876965772433,,0.223880575886337,0.0264985932230843,116.5
"Metro","Salisbury, MD",,"MD","Salisbury, MD","""Salisbury, MD-DE""",129,0.0748129675810474,,,,181500,-0.219901044529962,4.67128027681661,0.0159834710743803,,0.168530696379085,0.0483867744005244,
"Metro","Tallahassee, FL",,"FL","Tallahassee, FL","""Tallahassee, FL""",130,1.62094763092269,69.92,,,152600,0.460829493087558,4.52054794520548,0.0324967234600262,,0.162340131448246,0.052861700828619,98
"Metro","Trenton, NJ",,"NJ","Trenton, NJ","""Trenton, NJ""",131,0.29925187032419,74.18,,,225900,0.132978723404255,2.26346763241286,0.0113988490482515,,0.148833260946816,0.110226820533227,125
"Metro","Fayetteville, NC",,"NC","Fayetteville, NC","""Fayetteville, NC""",132,4.18952618453865,58.62,1.7796,1.2436,124500,0.728155339805825,1.05519480519481,0.0438955823293172,,0.270112290416859,0.0449886104783599,114
"Metro","Hickory, NC",,"NC","Hickory, NC","""Hickory-Lenoir-Morganton, NC""",133,9.57605985037407,100,,,108200,1.5962441314554,11.6615067079463,0.0416451016635859,,0.095404543395467,0.0390600694583226,
"Metro","Huntington, WV",,"WV","Huntington, WV","""Huntington-Ashland, WV-KY-OH""",134,6.03491271820449,80.95,,,93100,0.215285252960172,3.10077519379845,0.0474865735767991,,0.158662777553747,0.0192961758756989,133.5
"Metro","Eugene, OR",,"OR","Eugene, OR","""Eugene, OR""",135,6.35910224438903,91.39,6.3543,5.0503,240300,0.796979865771812,8.38971583220568,0.0382563462338743,,0.0733029586481343,0.0350118017309205,74
"Metro","Rockford, IL",,"IL","Rockford, IL","""Rockford, IL""",136,2.54364089775561,56.98,,,106000,0.760456273764259,7.72357723577236,0.0442735849056604,,0.21216939365011,0.0475636228893165,84
"Metro","Savannah, GA",,"GA","Savannah, GA","""Savannah, GA""",137,0.872817955112219,76.36,,,163600,0.245098039215686,3.15258511979823,0.0303239608801955,,0.144939425674805,0.0315553189905758,100
"Metro","Ann Arbor, MI",,"MI","Ann Arbor, MI","""Ann Arbor, MI""",138,7.78054862842893,79.46,,,241500,0.708924103419516,6.81114551083591,0.0329689440993788,,0.0782218192024527,0.018492961634005,83
"Metro","Ocala, FL",,"FL","Ocala, FL","""Ocala, FL""",139,2.49376558603491,75.66,,,129200,0.46656298600311,9.5843935538592,0.0453947368421053,,0.168509509066785,0.0540373629766867,83
"Metro","Kalamazoo, MI",,"MI","Kalamazoo, MI","""Kalamazoo-Portage, MI""",140,3.06733167082294,73.33,,,137000,0.21945866861741,6.53188180404355,0.0298905109489052,,0.128411094629013,0.0163469921534438,96
"Metro","Naples, FL",,"FL","Naples, FL","""Naples-Immokalee-Marco Island, FL""",141,7.70573566084788,84.68,,,334700,0.813253012048193,6.38906547997457,0.0291634299372572,,0.0723495096381468,0.0365176745544844,142
"Metro","South Bend, IN",,"IN","South Bend, IN","""South Bend-Mishawaka, IN-MI""",142,0.374064837905237,95.9,,,105400,0.0949667616334283,-6.97263901147396,0.015920303605313,,0.164662364085478,0.0311935639327751,80
"Metro","Spartanburg, SC",,"SC","Spartanburg, SC","""Spartanburg, SC""",143,4.11471321695761,82,3.246,,116000,0.519930675909879,4.12926391382406,0.0341724137931034,,0.0970486020387707,0.0480780108259748,95.5
"Metro","Evansville, IN",,"IN","Evansville, IN","""Evansville, IN-KY""",144,0.84788029925187,50,,,116500,0.344530577088717,-2.26510067114094,0.0330643776824033,,0.128049458034493,0.0320818746179493,
"Metro","Kingsport, TN",,"TN","Kingsport, TN","""Kingsport-Bristol-Bristol, TN-VA""",145,4.53865336658354,82.11,,,117200,0,3.90070921985816,0.0338822525597269,,0.109713987825389,0.015768448705655,110.5
"Metro","Roanoke, VA",,"VA","Roanoke, VA","""Roanoke, VA""",146,3.21695760598504,81.4,,,147100,-0.135777325186694,0.0680272108843537,0.0259143439836846,,0.120122281716904,0.0211358655949911,132
"Metro","Green Bay, WI",,"WI","Green Bay, WI","""Green Bay, WI""",147,5.28678304239402,82.5,1.1854,,153300,0.0652741514360313,7.57894736842105,0.0275081539465101,,0.0892987220690282,0.0200999925562262,75
"Metro","Lincoln, NE",,"NE","Lincoln, NE","""Lincoln, NE""",148,6.40897755610973,98.33,3.4029,1.5594,153500,0.195822454308094,3.02013422818792,0.0328078175895765,,0.0600859600562642,0.0128462977492265,68
"Metro","Fort Collins, CO",,"CO","Fort Collins, CO","""Fort Collins, CO""",149,9.80049875311721,97.33,1.9687,,329100,0.889025137952177,10.9575185434929,0.0395168641750228,,0.0568929122351222,0.0032108455226543,62
"Metro","Utica, NY",,"NY","Utica, NY","""Utica-Rome, NY""",150,1.4713216957606,,,,113000,0.177304964539007,6.10328638497653,0.0301946902654868,,0.130768651398195,0.0548958294538096,
"Metro","Columbus, GA",,"GA","Columbus, GA","""Columbus, GA-AL""",151,0.324189526184539,78.79,,,102500,-0.194741966893866,-3.66541353383459,0.0341073170731707,,0.218953204887279,0.040816572147847,116
"Metro","Boulder, CO",,"CO","Boulder, CO","""Boulder, CO""",152,9.62593516209476,94.89,0.4951,,471400,0.985432733504713,10.5794041754633,0.0264488756894357,,0.0469054499025603,0.00286532951289398,61
"Metro","Erie, PA",,"PA","Erie, PA","""Erie, PA""",153,4.3640897755611,,,,118700,0.423011844331641,3.487358326068,0.0241280539174389,,0.0785963529941468,0.0247046186895811,96
"Metro","Fort Smith, AR",,"AR","Fort Smith, AR","""Fort Smith, AR-OK""",154,4.06483790523691,80,,,98900,0.304259634888438,4.21496311907271,0.0393933265925177,,0.139472915263538,0.0413101390070183,125
"Metro","Duluth, MN",,"MN","Duluth, MN","""Duluth, MN-WI""",155,4.96259351620948,92,,,133700,0.375375375375375,7.9967689822294,0.0321391174270755,,0.127158876656816,0.0244997129105892,89
"Metro","Atlantic City, NJ",,"NJ","Atlantic City, NJ","""Atlantic City-Hammonton, NJ""",156,0.0498753117206983,,,,177400,0.681044267877412,-0.448933782267116,0.0205636978579482,,0.293751735628992,0.135091699754207,
"Metro","New London, CT",,"CT","New London, CT","""Norwich-New London, CT""",157,0.57356608478803,81.63,3.5014,1.3513,217000,0.0922509225092251,0.462962962962963,0.0129400921658986,,0.177022274325909,0.0643535847970055,118
"Metro","San Luis Obispo, CA",,"CA","San Luis Obispo, CA","""San Luis Obispo-Paso Robles-Arroyo Grande, CA""",158,8.37905236907731,91.13,3.7417,0.2518,547300,0.477326968973747,4.3072231751477,0.0309355015530788,,0.0481857665606511,0.0220014194464159,82
"Metro","Gainesville, FL",,"FL","Gainesville, FL","""Gainesville, FL""",159,2.56857855361596,66.67,,,157100,0.383386581469649,7.67649074708705,0.0280203691915977,,0.138098398230317,0.049137594803793,106
"Metro","Santa Cruz, CA",,"CA","Santa Cruz, CA","""Santa Cruz-Watsonville, CA""",160,7.33167082294264,93.18,3.0514,0.0994,725400,0.248756218905473,6.56676950198325,0.016829335539013,,0.0407243936843063,0.0268156424581006,62
"Metro","Clarksville, TN",,"TN","Clarksville, TN","""Clarksville, TN-KY""",161,2.11970074812968,83.77,,,136500,-0.219298245614035,2.24719101123596,0.0404761904761906,,0.19641009866535,0.0227240746874113,91
"Metro","Merced, CA",,"CA","Merced, CA","""Merced, CA""",162,7.68079800498753,90,11.6914,0.5049,217500,1.06877323420074,11.4241803278689,0.0474712643678161,,0.137627180232558,0.0316831683168317,75.5
"Metro","Wilmington, NC",,"NC","Wilmington, NC","""Wilmington, NC""",163,4.83790523690773,81.38,,,202000,0.647732934728451,5.9255374934452,0.0273514851485148,,0.116309010327103,0.0274089004602848,98
"Metro","Kennewick, WA",,"WA","Kennewick, WA","""Kennewick-Richland, WA""",164,9.9002493765586,98.17,,,226300,0.891662951404369,12.1407333994054,0.0689173663278833,,0.0567988070092762,0.0166366101028475,69
"Metro","Greeley, CO",,"CO","Greeley, CO","""Greeley, CO""",165,9.9501246882793,99.08,,,260500,1.16504854368932,11.3247863247863,0.0543685220729366,,0.0654965541177054,0.00832702498107494,59
"Metro","Lynchburg, VA",,"VA","Lynchburg, VA","""Lynchburg, VA""",166,3.66583541147132,100,,,139400,-0.214745884037223,-3.19444444444444,0.0192109038737447,,0.121003765672034,0.01230322928064,109
"Metro","Olympia, WA",,"WA","Olympia, WA","""Olympia-Tumwater, WA""",167,4.03990024937656,84.65,7.728,3.3654,258900,0.778513040093422,7.78517901748543,0.0378524526844342,,0.0938839432904715,0.0421422300263389,70
"Metro","Amarillo, TX",,"TX","Amarillo, TX","""Amarillo, TX""",168,4.4139650872818,62.5,,,120000,0.334448160535117,4.71204188481675,0.034975,,0.115090929567657,0.0161253538951643,
"Metro","Binghamton, NY",,"NY","Binghamton, NY","""Binghamton, NY""",169,0.349127182044888,80.77,4.6769,,99500,0.30241935483871,-2.25933202357564,0.0094874371859297,,0.159525706227356,0.0415970474103328,120
"Metro","Bremerton, WA",,"WA","Bremerton, WA","""Bremerton-Silverdale, WA""",170,9.27680798004988,,,0.127,308900,1.17916803144448,13.2746607994133,0.0547555843314989,,0.0790485887210815,0.031484794275492,64
"Metro","Laredo, TX",,"TX","Laredo, TX","""Laredo, TX""",171,4.23940149625935,100,,,117900,-0.0847457627118644,2.25498699045967,0.0379643765903308,,0.110445020522791,0.0381418092909535,
"Metro","Yakima, WA",,"WA","Yakima, WA","""Yakima, WA""",172,9.25187032418953,,,,172500,1.1137162954279,13.7112722478576,0.0576753623188406,,0.0853282768428538,0.0255555555555556,71.5
"Metro","Crestview-Fort Walton Beach-Destin, FL",,"FL","Crestview-Fort Walton Beach-Destin, FL","""Crestview-Fort Walton Beach-Destin, FL""",173,5.46134663341646,,,,222300,1.69258920402562,7.28764478764479,0.075982905982906,,0.177186873821639,0.0479507969183742,92
"Metro","Topeka, KS",,"KS","Topeka, KS","""Topeka, KS""",174,6.85785536159601,,,,102600,0.489715964740451,6.10134436401241,0.0456530214424951,,0.142817795422873,0.0268331973441428,78
"Metro","Macon, GA",,"GA","Macon, GA","""Macon, GA""",175,0.698254364089776,75,,,102500,0.195503421309873,3.43087790110999,0.0461951219512196,,0.188485382589777,0.0381190544715092,86
"Metro","Champaign-Urbana, IL",,"IL","Champaign-Urbana, IL","""Champaign-Urbana, IL""",176,1.4214463840399,73.49,,,127200,0.15748031496063,1.76,0.0293003144654087,,0.121974617495873,0.02482657954032,96
"Metro","Tuscaloosa, AL",,"AL","Tuscaloosa, AL","""Tuscaloosa, AL""",177,0.399002493765586,55,,,134000,-1.3980868285504,-8.71934604904632,0.0208134328358209,,0.0981170972236324,0.0324500144005106,108
"Metro","College Station, TX",,"TX","College Station, TX","""College Station-Bryan, TX""",178,9.97506234413965,,,,171300,0.705467372134039,10.1607717041801,0.043035610040864,,0.082546810409222,0.00565790051205204,
"Metro","Charleston, WV",,"WV","Charleston, WV","""Charleston, WV""",179,6.20947630922693,89.47,,,89900,0,4.77855477855478,0.0307786429365962,,0.126611681248239,0.0177600539192342,128.5
"Metro","Appleton, WI",,"WI","Appleton, WI","""Appleton, WI""",180,7.2568578553616,90,,,150500,0.266489007328448,6.66194188518781,0.0356146179401993,,0.073256196754806,0.0233712191985642,93
"Metro","Chico, CA",,"CA","Chico, CA","""Chico, CA""",181,8.30423940149626,82.31,4.4828,,252900,0.676751592356688,8.6340206185567,0.0418426255436932,,0.107440521291105,0.0272684532204984,75
"Metro","Charlottesville, VA",,"VA","Charlottesville, VA","""Charlottesville, VA""",182,4.71321695760598,77.08,,,236600,0.467091295116773,4.55148033583738,0.0336475063398141,,0.124674851577469,0.0185400362144116,102
"Metro","Claremont, NH",,"NH","Claremont, NH","""Claremont-Lebanon, NH-VT""",183,2.8927680798005,80.15,,,180700,0.221852468108708,0.780814277746793,,,0.122509402235237,0.028352255338829,126
"Metro","Cape Cod, MA",,"MA","Cape Cod, MA","""Barnstable Town, MA""",184,1.97007481296758,90.06,3.0435,2.9392,374600,0.0801496126102057,2.88382312551497,0.0190389749065669,,0.0603306789860799,0.0720403022670025,102
"Metro","Burlington, VT",,"VT","Burlington, VT","""Burlington-South Burlington, VT""",185,1.5211970074813,90.28,,,258300,0.0387296669248645,2.54069075029774,0.0237204800619435,,,,93.5
"Metro","Prescott, AZ",,"AZ","Prescott, AZ","""Prescott, AZ""",186,7.2069825436409,84.88,5.3938,0.9792,255700,0.82807570977918,8.07269653423499,0.0178255768478686,,0.0806916426512968,0.0214285714285714,85
"Metro","Springfield, IL",,"IL","Springfield, IL","""Springfield, IL""",187,6.38403990024938,83.04,,,123100,0.32599837000815,2.66889074228524,0.0448009748172218,,0.12241010735624,0.0173641815454616,84
"Metro","Las Cruces, NM",,"NM","Las Cruces, NM","""Las Cruces, NM""",188,0.673316708229426,,,,135800,0.147492625368732,0.966542750929368,0.0383726067746686,,0.230652580498408,0.0348454963839579,
"Metro","Fargo, ND",,"ND","Fargo, ND","""Fargo, ND-MN""",189,9.40149625935162,99.31,,,201000,0.701402805611222,6.68789808917197,0.0282437810945273,,0.0427058721259916,0.00527116093051718,79
"Metro","Houma, LA",,"LA","Houma, LA","""Houma-Thibodaux, LA""",190,2.26932668329177,,,,137300,0,5.4531490015361,0.0260305899490167,,0.125310744094181,0.0248424653296978,
"Metro","Florence, SC",,"SC","Florence, SC","""Florence, SC""",191,5.76059850374065,,,,104100,0.289017341040462,7.65253360910031,0.0340345821325649,,0.108446682357672,0.0451953921436348,111
"Metro","Medford, OR",,"OR","Medford, OR","""Medford, OR""",192,4.93765586034913,91.79,10.3741,1.8995,247400,0.610004066693778,8.74725274725275,0.037881972514147,,0.0880390561432059,0.0585335797905114,79
"Metro","Lafayette-West Lafayette, IN",,"IN","Lafayette-West Lafayette, IN","""Lafayette-West Lafayette, IN""",193,2.06982543640898,78.43,4.8381,2.8225,123200,0.735895339329518,-3.90015600624025,0.0344318181818182,,0.129780353629526,0.0246420092863332,70
"Metro","Bellingham, WA",,"WA","Bellingham, WA","""Bellingham, WA""",194,8.92768079800499,91.87,2.6878,0.2001,315800,0.733652312599681,9.31118033921772,0.0266434452184927,,0.0652059026789707,0.0180798004987531,77
"Metro","Lake Havasu City, AZ",,"AZ","Lake Havasu City, AZ","""Lake Havasu City-Kingman, AZ""",195,6.68329177057357,83.9,,,176900,0.39727582292849,7.01754385964912,0.0317693612210288,,0.135787434265154,0.0248675091724419,107
"Metro","Saginaw, MI",,"MI","Saginaw, MI","""Saginaw, MI""",196,4.76309226932668,66.67,,,72800,0.691562932226833,2.82485875706215,0.0531318681318682,,0.19306841679403,0.0284051222351572,113.5
"Metro","Lake Charles, LA",,"LA","Lake Charles, LA","""Lake Charles, LA""",197,9.20199501246883,93.75,,,161400,1.00125156445557,6.95825049701789,0.032180916976456,,0.0865198549014649,0.0218334466557855,
"Metro","Johnson City, TN",,"TN","Johnson City, TN","""Johnson City, TN""",198,3.51620947630923,71.43,11.4842,,120500,0.166251039068994,2.64054514480409,0.0322406639004149,,0.116863553329211,0.0122160640524553,130
"Metro","Elkhart, IN",,"IN","Elkhart, IN","""Elkhart-Goshen, IN""",199,2.04488778054863,0,,,131600,0.611620795107034,5.95813204508857,0.0175683890577507,,0.12520789644949,0.0291654634709789,
"Metro","Yuma, AZ",,"AZ","Yuma, AZ","""Yuma, AZ""",200,5.31172069825436,69.05,12.9061,2.0639,137600,1.54981549815498,8.94695170229612,0.080203488372093,,0.281699794379712,0.0262773722627737,102
"Metro","Racine, WI",,"WI","Racine, WI","""Racine, WI""",201,0.224438902743142,,,,148300,-0.134680134680135,4.95399858457183,0.0248415374241402,,0.261909058101768,0.0347915949018257,100
"Metro","Athens, GA",,"GA","Athens, GA","""Athens-Clarke County, GA""",202,4.61346633416459,81.82,,,148800,0.404858299595142,8.45481049562682,0.0361559139784946,,0.11818600055636,0.0237264056946024,78
"Metro","Torrington, CT",,"CT","Torrington, CT","""Torrington, CT""",203,0.598503740648379,82.98,,,222700,0.225022502250225,0,,,0.163913861593142,0.0656887755102041,129
"Metro","Hilton Head Island, SC",,"SC","Hilton Head Island, SC","""Hilton Head Island-Bluffton-Beaufort, SC""",204,2.9426433915212,77.89,,,275700,0,5.10865421273351,,,0.112615405910318,0.0436614563441434,131
"Metro","Hilo, HI",,"HI","Hilo, HI","""Hilo, HI""",205,0.748129675810474,,,4.5496,326500,0.307219662058372,6.17886178861789,,,0.102215417867435,0.1215859030837,165
"Metro","Panama City, FL",,"FL","Panama City, FL","""Panama City, FL""",206,5.61097256857855,77.48,,,181700,0.553403431101273,7.45121230041396,0.0375013758943312,,0.138562721692116,0.0493473071021465,119
"Metro","Kingston, NY",,"NY","Kingston, NY","""Kingston, NY""",207,0.773067331670823,66.15,,,188700,0.212426978226235,5.8328659562535,0.0326338102808692,,0.171726705469037,0.0858015267175573,163.5
"Metro","Gainesville, GA",,"GA","Gainesville, GA","""Gainesville, GA""",208,4.38902743142145,71.88,,,160600,0.689655172413793,5.65789473684211,0.0326338729763387,,0.105894672542432,0.019365471775855,88
"Metro","Warner Robins, GA",,"GA","Warner Robins, GA","""Warner Robins, GA""",209,0.473815461346633,66.2,,,111900,0.0894454382826476,1.1754068716094,0.0326094727435211,,0.175540328459219,0.0269507357267149,100.5
"Metro","Redding, CA",,"CA","Redding, CA","""Redding, CA""",210,3.36658354114713,84.62,7.602,1.7091,225800,0.0886524822695035,6.71077504725898,0.0314437555358724,,0.153186838472158,0.0259106271122794,86
"Metro","Joplin, MO",,"MO","Joplin, MO","""Joplin, MO""",211,3.76558603491272,,,,88200,0.227272727272727,3.76470588235294,0.0398526077097505,,0.225002787475115,0.0156828287121811,
"Metro","El Centro, CA",,"CA","El Centro, CA","""El Centro, CA""",212,6.88279301745636,93.33,11.6923,1.4183,187700,0.859752821063944,15.0827713059473,0.0851624933404369,,0.161420332152039,0.0314248816185966,73
"Metro","Terre Haute, IN",,"IN","Terre Haute, IN","""Terre Haute, IN""",213,1.3715710723192,,,,75800,0.132100396301189,-0.131752305665349,0.0359630606860157,,0.178334506004962,0.0238908300186552,
"Metro","Muskegon, MI",,"MI","Muskegon, MI","""Muskegon, MI""",214,7.90523690773067,79.07,,,107800,1.03092783505155,14.5589798087141,0.0357235621521337,,0.101820728291317,0.0348464007336084,91
"Metro","Oshkosh, WI",,"WI","Oshkosh, WI","""Oshkosh-Neenah, WI""",215,5.66084788029925,100,,,149000,0.269179004037685,3.83275261324042,0.0299395973154362,,0.0800086730268864,0.01806684733514,81.5
"Metro","Yuba City, CA",,"CA","Yuba City, CA","""Yuba City, CA""",216,8.80299251870324,93.88,6.8455,0.3157,238800,0.929839391377853,7.9078174423859,0.0662897822445561,,0.12450762492441,0.0343799620795455,75
"Metro","Columbia, MO",,"MO","Columbia, MO","""Columbia, MO""",217,3.59102244389027,,,,152200,0.197498354180382,2.97699594046008,0.0234954007884363,,0.114491005402003,0.00824553366926248,
"Metro","Dover, DE",,"DE","Dover, DE","""Dover, DE""",218,0.0249376558603491,76.19,,,171500,0.233781414377557,-0.924321201617562,0.0123090379008746,,0.144804816469217,0.0909334763948498,100
"Metro","Eau Claire, WI",,"WI","Eau Claire, WI","""Eau Claire, WI""",219,8.75311720698254,94.29,,,152900,0.857519788918206,5.88642659279778,0.0334924787442774,,0.0861082587828481,0.0166316746652063,87
"Metro","Janesville, WI",,"WI","Janesville, WI","""Janesville-Beloit, WI""",220,5.33665835411471,87.5,,,133100,0.680786686838124,12.701100762066,0.0310443275732533,,0.113901462395543,0.0355368742835308,85.5
"Metro","Jackson, MI",,"MI","Jackson, MI","""Jackson, MI""",221,2.29426433915212,,,,117900,0.425894378194208,5.08021390374332,0.0229262086513995,,0.169190777576854,0.0193720774883099,95.5
"Metro","Punta Gorda, FL",,"FL","Punta Gorda, FL","""Punta Gorda, FL""",222,9.45137157107232,85.71,,,199100,0.963488843813387,12.2322435174746,0.0418834756403816,,0.0773638968481375,0.0461694571283612,118
"Metro","Bloomington, IN",,"IN","Bloomington, IN","""Bloomington, IN""",223,2.9925187032419,,,,145500,-0.137268359643102,-0.68259385665529,0.0394432989690721,,0.1143904290249,0.0239533471456451,
"Metro","Pueblo, CO",,"CO","Pueblo, CO","""Pueblo, CO""",224,8.50374064837905,92.65,6.3091,0.1003,132600,0.759878419452888,8.5995085995086,0.0557315233785822,,0.10963423380349,0.023549934583515,71
"Metro","Billings, MT",,"MT","Billings, MT","""Billings, MT""",225,6.00997506234414,,,,201100,0.199302441454908,6.06540084388186,0.0208552958727002,,0.0913328729281768,0.0103969754253308,
"Metro","Bend, OR",,"OR","Bend, OR","""Bend-Redmond, OR""",226,8.02992518703242,98.64,4.1917,2.6984,334400,0.966183574879227,13.8576779026217,0.0168959330143541,,0.0496316401706088,0.0244140625,78.5
"Metro","Albany, GA",,"GA","Albany, GA","""Albany, GA""",227,1.54613466334165,83.33,,,96700,-0.103305785123967,-3.3,0.033846949327818,,0.195745332107068,0.0403171741350389,139
"Metro","Vineland, NJ",,"NJ","Vineland, NJ","""Vineland-Bridgeton, NJ""",228,0.27431421446384,63.16,,,138900,0.361271676300578,3.57941834451902,0.0232469402447804,,0.198652524848242,0.124244459368704,139
"Metro","Niles, MI",,"MI","Niles, MI","""Niles-Benton Harbor, MI""",229,1.94513715710723,,,,127500,-0.156617071260767,1.43198090692124,0.0288627450980392,,0.125518820666953,0.0182440136830103,91
"Metro","Kahului, HI",,"HI","Kahului, HI","""Kahului-Wailuku-Lahaina, HI""",230,9.00249376558603,,,,587700,0.962034014774094,6.91286156085137,,,0.0672938810686584,0.0811099252934899,127
"Metro","State College, PA",,"PA","State College, PA","""State College, PA""",231,8.95261845386534,95,,,219200,0.091324200913242,7.08353688324377,0.035301094890511,,0.0845520374840267,0.00923593618807724,83
"Metro","Alexandria, LA",,"LA","Alexandria, LA","""Alexandria, LA""",232,5.11221945137157,,,,137800,-0.144927536231884,18.1818181818182,0.0302685050798259,,0.149823177483445,0.0169470247194208,
"Metro","Hanford, CA",,"CA","Hanford, CA","""Hanford-Corcoran, CA""",233,4.08977556109726,85.45,11.3632,1.303,177200,0.339750849377123,8.04878048780488,0.0584988713318284,,0.1671834625323,0.0309119010819165,77
"Metro","Rocky Mount, NC",,"NC","Rocky Mount, NC","""Rocky Mount, NC""",234,1.67082294264339,,,,79500,0.378787878787879,-0.99626400996264,0.0441509433962264,,0.141758678543639,0.0554923887080713,122
"Metro","Burlington, NC",,"NC","Burlington, NC","""Burlington, NC""",235,4.51371571072319,87.3,,,130900,0.383435582822086,3.64212193190816,0.0391902215431628,,0.107727570399476,0.0298885511651469,96
"Metro","Madera, CA",,"CA","Madera, CA","""Madera, CA""",236,5.71072319201995,76.92,8.363,1.0128,210400,0.621712099473936,8.45360824742268,0.0561882129277567,,0.166363636363636,0.0332072299285414,89.5
"Metro","Chambersburg, PA",,"PA","Chambersburg, PA","""Chambersburg-Waynesboro, PA""",237,2.86783042394015,,,,165200,0.854700854700855,2.80024891101431,,,0.141903324644441,0.0328714147599098,106
"Metro","Texarkana, TX",,"TX","Texarkana, TX","""Texarkana, TX-AR""",238,0.922693266832918,50,,,91900,-0.108695652173913,1.7718715393134,0.0367138193688792,,0.167362849014646,0.0218919104169146,
"Metro","Elizabethtown, KY",,"KY","Elizabethtown, KY","""Elizabethtown-Fort Knox, KY""",239,5.38653366583541,87.5,,,127600,0.0784313725490196,3.73983739837398,0.0412147335423199,,0.188803277512907,0.0224688190411361,122.5
"Metro","Pottsville, PA",,"PA","Pottsville, PA","""Pottsville, PA""",240,1.64588528678304,,,,72200,-0.138312586445367,4.03458213256484,,,0.139070375210006,0.0527964205816555,121.5
"Metro","Grand Junction, CO",,"CO","Grand Junction, CO","""Grand Junction, CO""",241,2.46882793017456,77.65,6.6346,2.2182,197700,0.457317073170732,7.03844071467244,0.0313808801213959,,0.137977420129714,0.0393454038997214,79
"Metro","Concord, NH",,"NH","Concord, NH","""Concord, NH""",242,4.48877805486284,73.2,,,217600,0.276497695852535,6.19814543679844,,,0.095216719038356,0.0261917234154007,93
"Metro","Santa Fe, NM",,"NM","Santa Fe, NM","""Santa Fe, NM""",243,0.124688279301746,0,,,296600,0.236566407570125,3.92431674842327,0.0126466621712744,,0.129518401223108,0.0442664418212479,
"Metro","Hattiesburg, MS",,"MS","Hattiesburg, MS","""Hattiesburg, MS""",244,0.897755610972569,,,,129500,0.0772797527047913,-0.842266462480858,0.0337992277992278,,0.193446631822889,0.0217555649016255,
"Metro","Dalton, GA",,"GA","Dalton, GA","""Dalton, GA""",245,8.10473815461347,77.5,,,113100,0.892060660124888,6.89981096408318,0.0385587975243147,,0.143170404691928,0.0226226957653056,111
"Metro","Greensboro, NC",,"NC","Greensboro, NC","""Greensboro-High Point, NC""",246,2.71820448877805,,,,123800,0.487012987012987,5.45144804088586,0.0366639741518577,,0.123424155346738,0.0462371442822564,83
"Metro","Midland, TX",,"TX","Midland, TX","""Midland, TX""",247,3.71571072319202,,,,189900,-0.0526315789473684,0.316957210776545,0.0378146392838337,,0.124160238865389,0.0160320641282565,
"Metro","Homosassa Springs, FL",,"FL","Homosassa Springs, FL","""Homosassa Springs, FL""",248,7.30673316708229,,,,132400,1.30068859984698,11.541701769166,,,0.134452882661247,0.0620525059665871,115
"Metro","Valdosta, GA",,"GA","Valdosta, GA","""Valdosta, GA""",249,0.723192019950125,63.64,,,118300,0.0846023688663283,0.766609880749574,0.0327134404057481,,0.234222293940882,0.0371664093683049,138
"Metro","Springfield, OH",,"OH","Springfield, OH","""Springfield, OH""",250,1.74563591022444,,,,96900,0.414507772020725,4.87012987012987,0.0315376676986585,,0.171270442760271,0.0471615720524017,89.5
"Metro","St. George, UT",,"UT","St. George, UT","""St. George, UT""",251,3.79052369077307,,,,225600,0.445235975066785,4.83271375464684,0.0225221631205674,,0.136886321869257,0.0180283851169927,
"Metro","Vero Beach, FL",,"FL","Vero Beach, FL","""Sebastian-Vero Beach, FL""",252,8.20448877805486,81.58,,,181900,0.831485587583148,10.2424242424242,0.0465090709180869,,0.09793220848145,0.0506134969325153,108
"Metro","Napa, CA",,"CA","Napa, CA","""Napa, CA""",253,6.30922693266833,91.53,1.9087,0.7551,571900,0.175162024873008,6.04487298349713,0.0130722154222767,,0.0449446604845947,0.0299500831946755,62.5
"Metro","Battle Creek, MI",,"MI","Battle Creek, MI","""Battle Creek, MI""",255,3.01745635910224,,,,95000,0.210970464135021,9.82658959537572,0.0310736842105264,,0.220570876703509,0.0255412308440769,
"Metro","Eureka, CA",,"CA","Eureka, CA","""Eureka-Arcata-Fortuna, CA""",256,7.0074812967581,78.12,,,280400,0.537827178200072,13.2014533710133,,,0.117658749875783,0.0244932432432432,93
"Metro","Flagstaff, AZ",,"AZ","Flagstaff, AZ","""Flagstaff, AZ""",257,6.98254364089776,,,,315100,0.5103668261563,7.46930422919509,0.0147667407172327,,0.0772690577788029,0.0149253731343284,81
"Metro","Wausau, WI",,"WI","Wausau, WI","""Wausau, WI""",258,4.73815461346633,0,,,137300,0.659824046920821,12.0816326530612,0.0310415149308085,,0.0744218120093359,0.0242337847469708,82.5
"Metro","La Crosse, WI",,"WI","La Crosse, WI","""La Crosse-Onalaska, WI-MN""",259,6.48379052369077,90.91,,,147000,0.547195622435021,5.83153347732181,0.0270408163265305,,0.082917912927883,0.0160320641282565,73
"Metro","Lebanon, PA",,"PA","Lebanon, PA","""Lebanon, PA""",260,1.99501246882793,,,,157400,0.127226463104326,2.60756192959583,0.0255019059720458,,0.0917957544463569,0.0318181818181818,
"Metro","Idaho Falls, ID",,"ID","Idaho Falls, ID","""Idaho Falls, ID""",261,8.77805486284289,,,,147800,0.54421768707483,8.67647058823529,0.0636874154262517,,0.150164387035581,0.020358013743988,
"Metro","Sierra Vista, AZ",,"AZ","Sierra Vista, AZ","""Sierra Vista-Douglas, AZ""",262,1.72069825436409,70.45,,,132700,0.37821482602118,0.150943396226415,,,0.310898560898561,0.0282246683601468,139
"Metro","Pittsfield, MA",,"MA","Pittsfield, MA","""Pittsfield, MA""",263,0.249376558603491,88.71,,10.7792,199900,0,-0.05,0.00726863431715863,,0.118008527715074,0.0425079702444208,115
"Metro","Jackson, TN",,"TN","Jackson, TN","""Jackson, TN""",264,4.63840399002494,70.37,5.001,,91200,0.551267916207277,4.70723306544202,0.0452192982456141,,0.17673572014848,0.0309912852038047,112
"Metro","Glens Falls, NY",,"NY","Glens Falls, NY","""Glens Falls, NY""",265,1.27182044887781,79.66,5.8534,1.439,155400,0.647668393782383,0.974658869395711,0.0257722007722008,,0.124063816491182,0.066827845965835,139
"Metro","Winchester, VA",,"VA","Winchester, VA","""Winchester, VA-WV""",266,3.46633416458853,80.95,,,204700,0.63913470993117,2.60651629072682,0.0300048851978505,,0.129606028961302,0.0320166131080801,81.5
"Metro","Altoona, PA",,"PA","Altoona, PA","""Altoona, PA""",267,3.24189526184539,82.35,,,108600,0.18450184501845,8.38323353293413,0.0299263351749539,,0.132311108027475,0.0214997378080755,80
"Metro","Harrisonburg, VA",,"VA","Harrisonburg, VA","""Harrisonburg, VA""",268,3.41645885286783,80,,,183100,0.383771929824561,3.97501419647927,0.0249098853085745,,0.140988342935192,0.0151521783510635,97.5
"Metro","Staunton, VA",,"VA","Staunton, VA","""Staunton-Waynesboro, VA""",269,6.78304239401496,,,,173000,0.348027842227378,2.79263220439691,,,0.124608300599131,0.020082906727998,128
"Metro","Muncie, IN",,"IN","Muncie, IN","""Muncie, IN""",270,3.64089775561097,90.62,,,77100,0.652741514360313,-4.46096654275093,0.0406355382619974,,0.233333333333333,0.0375215146299484,101.5
"Metro","Mount Vernon, WA",,"WA","Mount Vernon, WA","""Mount Vernon-Anacortes, WA""",271,8.07980049875312,96.92,6.2459,1.1181,281100,1.51679306608884,12.6653306613226,0.0437175382426183,,0.0748536381377195,0.0325884543761639,68.5
"Metro","Albany, OR",,"OR","Albany, OR","""Albany, OR""",272,9.42643391521197,95.12,,,189200,1.06837606837607,10.8377270064441,,,0.0688613231552163,0.0288683602771363,85
"Metro","Watertown, NY",,"NY","Watertown, NY","""Watertown-Fort Drum, NY""",273,4.13965087281796,83.33,,,135800,1.57068062827225,3.58504958047292,,,0.208,0.0478424015009381,140.5
"Metro","Cleveland, TN",,"TN","Cleveland, TN","""Cleveland, TN""",274,5.18703241895262,85.19,8.5607,1.337,126300,0.397456279809221,4.90033222591362,0.0311718131433096,,0.116794374603868,0.0163996870908499,114
"Metro","Bismarck, ND",,"ND","Bismarck, ND","""Bismarck, ND""",275,7.03241895261845,95.52,,,237800,-0.0420344682639765,-1.24584717607973,0.0390958788898235,,0.0762022644406703,0.00538044453504415,98.5
"Metro","Kankakee, IL",,"IL","Kankakee, IL","""Kankakee, IL""",276,0.947630922693267,72.41,,,120300,0,4.06574394463668,0.0310556940980882,,0.172542735042735,0.0539584254754533,121
"Metro","Brunswick, GA",,"GA","Brunswick, GA","""Brunswick, GA""",277,6.25935162094763,75,,,167400,0.661455201443175,5.01882057716437,0.0305376344086021,,0.132441222832531,0.0196618755218176,131
"Metro","San Angelo, TX",,"TX","San Angelo, TX","""San Angelo, TX""",278,6.18453865336658,100,,,126400,-0.394011032308905,0.0791765637371338,0.036740506329114,,0.121808740804846,0.00799289520426288,
"Metro","Holland, MI",,"MI","Holland, MI","""Holland, MI""",279,7.95511221945137,,,,153900,0.851900393184797,9.85010706638116,0.0284340480831708,,0.08590856657155,0.0176678445229682,99
"Metro","Wenatchee, WA",,"WA","Wenatchee, WA","""Wenatchee, WA""",280,9.07730673316708,92.21,,,267300,0.450958286358512,8.48214285714286,0.0520800598578377,,0.056687295392332,0.0262540066318335,87
"Metro","Lawrence, KS",,"KS","Lawrence, KS","""Lawrence, KS""",281,6.53366583541147,,,,168800,0.715990453460621,4.58488228004957,0.032191943127962,,0.125071387778412,0.020221787345075,
"Metro","Missoula, MT",,"MT","Missoula, MT","""Missoula, MT""",282,3.94014962593516,,,,240500,0.250104210087536,3.93258426966292,0.00786694386694387,,0.100851393188854,0.0130468150422103,
"Metro","Bay City, MI",,"MI","Bay City, MI","""Bay City, MI""",283,5.06234413965087,,,,86900,0.346420323325635,5.71776155717762,0.0359608745684694,,0.181288422131148,0.0204874602613917,91
"Metro","Roseburg, OR",,"OR","Roseburg, OR","""Roseburg, OR""",284,4.66334164588529,84,,,159000,0.569259962049336,5.64784053156146,,,0.111981044606985,0.0533578656853726,114
"Metro","Sumter, SC",,"SC","Sumter, SC","""Sumter, SC""",285,3.39152119700748,75.64,9.4557,,90900,0.220507166482911,6.31578947368421,0.0444664466446645,,0.165919684474722,0.0437601296596434,145
"Metro","Lima, OH",,"OH","Lima, OH","""Lima, OH""",286,4.33915211970075,74.42,,,90800,0.665188470066519,5.70430733410943,0.0336453744493392,,0.128815172320033,0.033245382585752,97
"Metro","Cookeville, TN",,"TN","Cookeville, TN","""Cookeville, TN""",287,6.93266832917706,83.33,,,117100,0.601374570446735,3.81205673758865,,,0.11237274600399,0.0147000456043908,
"Metro","Longview, WA",,"WA","Longview, WA","""Longview, WA""",288,1.44638403990025,79.78,,,160800,0.0622277535780958,-8.16676185037122,0.0344962686567165,,0.135055536856277,0.026791277258567,83
"Metro","Whitewater, WI",,"WI","Whitewater, WI","""Whitewater-Elkhorn, WI""",289,4.43890274314214,72.73,,,176900,0.912721049629207,9.60346964064436,,,0.112688316036157,0.0350564468211527,103.5
"Metro","Fond du Lac, WI",,"WI","Fond du Lac, WI","""Fond du Lac, WI""",290,8.5286783042394,,,,129000,1.01801096319499,8.40336134453782,0.033984496124031,,0.128215020576132,0.022567703109328,125.5
"Metro","Ithaca, NY",,"NY","Ithaca, NY","""Ithaca, NY""",291,9.72568578553616,88.46,,,198400,0.915564598168871,6.60934981192907,0.0354284274193548,,0.0509874326750449,0.0140845070422535,108
"Metro","Ashtabula, OH",,"OH","Ashtabula, OH","""Ashtabula, OH""",292,3.96508728179551,,,,85200,1.42857142857143,6.900878293601,,,0.205865053356861,0.0416326530612245,105
"Metro","Tullahoma, TN",,"TN","Tullahoma, TN","""Tullahoma-Manchester, TN""",293,8.82793017456359,94.44,,,129200,0.858704137392662,10.6164383561644,,,0.105876561809524,0.0138681360836597,86
"Metro","Corning, NY",,"NY","Corning, NY","""Corning, NY""",295,4.01496259351621,86.05,,,88900,-0.78125,7.36714975845411,,,0.147782258064516,0.0238744884038199,131
"Metro","Sebring, FL",,"FL","Sebring, FL","""Sebring, FL""",296,6.28428927680798,76.74,,,110200,1.47329650092081,19.6525515743757,,,0.17518406236466,0.069221260815822,118.5
"Metro","Truckee, CA",,"CA","Truckee, CA","""Truckee-Grass Valley, CA""",297,9.32668329177057,86.05,,,395900,1.20143149284254,5.99732262382865,,,0.0738362760834671,0.0184782608695652,83
"Metro","Grand Forks, ND",,"ND","Grand Forks, ND","""Grand Forks, ND-MN""",298,5.43640897755611,,,,165600,-0.36101083032491,2.09617755856967,0.0368780193236715,,0.0963597430406852,0.00833333333333333,
"Metro","Fairbanks, AK",,"AK","Fairbanks, AK","""Fairbanks, AK""",299,6.63341645885287,87.5,,,212400,0.425531914893617,3.7109375,0.0576647834274953,,0.18818019010883,0.0183016105417277,82.5
"Metro","Ocean City, NJ",,"NJ","Ocean City, NJ","""Ocean City, NJ""",300,0.423940149625935,,,,339700,0.502958579881657,2.10399759543132,0.0165616720635855,,0.11809553446398,0.10935441370224,147
"Metro","Mankato, MN",,"MN","Mankato, MN","""Mankato-North Mankato, MN""",301,8.12967581047381,96.3,,,176300,0.0567536889897843,5.94951923076923,0.0274532047646059,,0.0838239058100845,0.00610687022900763,106
"Metro","Cape Girardeau, MO",,"MO","Cape Girardeau, MO","""Cape Girardeau, MO-IL""",302,5.8354114713217,,,,143700,0.630252100840336,1.26849894291755,0.0365553235908143,,0.14981368590493,0.0131361971540607,
"Metro","Hot Springs, AR",,"AR","Hot Springs, AR","""Hot Springs, AR""",303,2.66832917705736,72.09,,,133100,0.301431801055011,2.77992277992278,0.0373779113448536,,0.109260850880963,0.0304818092428712,119
"Metro","The Villages, FL",,"FL","The Villages, FL","""The Villages, FL""",304,7.60598503740648,,,,236800,0.211595429538722,-0.168634064080944,,,0.0427222785215211,0.0212234706616729,117
"Metro","New Philadelphia, OH",,"OH","New Philadelphia, OH","""New Philadelphia-Dover, OH""",305,7.55610972568579,,,,114400,0,6.71641791044776,,,0.0728175772371412,0.0219653179190751,88
"Metro","Orangeburg, SC",,"SC","Orangeburg, SC","""Orangeburg, SC""",306,5.6359102244389,100,,,82400,0.610500610500611,9.72037283621838,,,0.181053474864811,0.0774336283185841,
"Metro","New Castle, PA",,"PA","New Castle, PA","""New Castle, PA""",308,3.99002493765586,90.54,,,90700,-0.22002200220022,4.37284234752589,,,0.118039712716519,0.035075161059413,109.5
"Metro","Sevierville, TN",,"TN","Sevierville, TN","""Sevierville, TN""",309,7.63092269326683,,,,170100,0.770142180094787,7.25094577553594,,,0.0976739177256085,0.0187431091510474,107
"Metro","Moses Lake, WA",,"WA","Moses Lake, WA","""Moses Lake, WA""",310,5.98503740648379,,,,132200,0.60882800608828,5.50678371907422,,,0.123096998695085,0.0300353356890459,116
"Metro","Elmira, NY",,"NY","Elmira, NY","""Elmira, NY""",311,1.87032418952618,,,,87300,0,3.92857142857143,0.0237800687285223,,0.130951356005166,0.0361604207758054,121
"Metro","Ukiah, CA",,"CA","Ukiah, CA","""Ukiah, CA""",313,8.45386533665835,78.57,,,362200,0.415858053784308,9.89077669902913,,,0.102681992337165,0.0167910447761194,97
"Metro","Hermiston-Pendleton, OR",,"OR","Hermiston-Pendleton, OR","""Hermiston-Pendleton, OR""",314,7.18204488778055,96.36,,,153600,0.523560209424084,3.7137069547603,,,0.0942630510975835,0.0371819960861057,105
"Metro","Corvallis, OR",,"OR","Corvallis, OR","""Corvallis, OR""",315,10,97.44,2.4432,,307700,0.885245901639344,9.26846590909091,0.0465030874228145,,0.0502173415694349,0.00911161731207289,78
"Metro","Bloomsburg, PA",,"PA","Bloomsburg, PA","""Bloomsburg-Berwick, PA""",316,7.98004987531172,100,,,137700,0.364431486880466,5.84166026133743,,,0.0944494640889004,0.0269178125949055,
"Metro","Kokomo, IN",,"IN","Kokomo, IN","""Kokomo, IN""",319,0.149625935162095,,,,83500,0,-1.06635071090047,0.0356167664670659,,0.218604270637323,0.0363023952095808,
"Metro","Grants Pass, OR",,"OR","Grants Pass, OR","""Grants Pass, OR""",320,6.90773067331671,91.43,,,225200,0.670540902995083,12.7691537305959,,,0.0994413407821229,0.0474406991260924,81.5
"Metro","Plattsburgh, NY",,"NY","Plattsburgh, NY","""Plattsburgh, NY""",321,1.29675810473815,78.05,,,114900,0.261780104712042,-1.28865979381443,,,0.111084737716592,0.0373931623931624,126
"Metro","Grand Island, NE",,"NE","Grand Island, NE","""Grand Island, NE""",322,5.03740648379052,,,,128100,0.470588235294118,2.48,,,0.0967360328275723,0.00689031908025961,99
"Metro","Great Falls, MT",,"MT","Great Falls, MT","""Great Falls, MT""",323,7.35660847880299,,,,157000,0.255427841634738,5.22788203753351,0.0403312101910829,,0.1264518382674,0.00759668508287293,81
"Metro","Olean, NY",,"NY","Olean, NY","""Olean, NY""",324,1.34663341645885,,,,72500,0,2.54596888260255,,,0.171806768558952,0.04527402700556,171
"Metro","Oak Harbor, WA",,"WA","Oak Harbor, WA","""Oak Harbor, WA""",325,8.72817955112219,,,,324400,1.18527760449158,11.8620689655172,,,0.0815988058711336,0.0264227642276423,79
"Metro","Keene, NH",,"NH","Keene, NH","""Keene, NH""",327,4.2643391521197,89.29,,,176700,0.511945392491468,3.51493848857645,,,0.133705411307935,0.0263157894736842,104.5
"Metro","Sandusky, OH",,"OH","Sandusky, OH","""Sandusky, OH""",328,2.44389027431421,75,,,123600,1.47783251231527,3.43096234309623,0.0299595469255662,,0.181688725079578,0.0355002305209774,102
"Metro","Columbus, IN",,"IN","Columbus, IN","""Columbus, IN""",329,4.91271820448878,,,,143000,-0.763358778625954,7.11610486891386,0.0181538461538462,,0.0831088880338592,0.0150462962962963,
"Metro","Centralia, WA",,"WA","Centralia, WA","""Centralia, WA""",330,4.98753117206983,86.21,,,172600,0.817757009345794,7.80762023735165,,,0.131170662905501,0.0365591397849462,102
"Metro","Findlay, OH",,"OH","Findlay, OH","""Findlay, OH""",332,8.40399002493766,,,,131700,0.996932515337423,11.0455311973019,,,0.0919662599295717,0.02493321460374,76
"Metro","Palatka, FL",,"FL","Palatka, FL","""Palatka, FL""",333,3.74064837905237,74.19,,,107100,1.90294957183635,13.6942675159236,,,0.244017880620563,0.0657327586206897,131
"Metro","Glenwood Springs, CO",,"CO","Glenwood Springs, CO","""Glenwood Springs, CO""",334,9.05236907730673,80,6.0795,,490500,1.82686319285863,11.5787079162875,,,0.0906576779332529,0.0178079183851783,104.5
"Metro","Key West, FL",,"FL","Key West, FL","""Key West, FL""",335,8.27930174563591,60,,,546000,1.2987012987013,11.2922951487974,,,0.063170997354909,0.0640394088669951,167
"Metro","Greenfield Town, MA",,"MA","Greenfield Town, MA","""Greenfield Town, MA""",336,0.822942643391521,80.65,,19.8545,198400,0.354071825998988,-0.750375187593797,,,0.0823045267489712,0.0930555555555556,113
"Metro","Statesboro, GA",,"GA","Statesboro, GA","""Statesboro, GA""",337,4.88778054862843,100,,,136500,0.515463917525773,3.48749052312358,,,0.145490454246215,0.0226244343891403,97.5
"Metro","Kapaa, HI",,"HI","Kapaa, HI","""Kapaa, HI""",342,8.25436408977556,,,,532400,0.718880060537268,7.90433725172274,,,0.0504025201260063,0.114583333333333,132.5
"Metro","Klamath Falls, OR",,"OR","Klamath Falls, OR","""Klamath Falls, OR""",343,1.24688279301746,,,,151300,0.265076209410205,6.10098176718093,,,0.192750087138376,0.0506329113924051,109
"Metro","Clearlake, CA",,"CA","Clearlake, CA","""Clearlake, CA""",344,8.97755610972569,,,,226700,0.890075656430797,12.6739562624254,,,0.128957707418535,0.0340501792114695,99
"Metro","Ionia, MI",,"MI","Ionia, MI","""Ionia, MI""",347,0.648379052369077,66.67,,,120600,0,4.41558441558442,,,0.127433628318584,0.0256410256410256,81
"Metro","Red Bluff, CA",,"CA","Red Bluff, CA","""Red Bluff, CA""",348,7.93017456359102,75,,,171200,1.18203309692671,8.4230525649145,,,0.143258426966292,0.0245098039215686,108
"Metro","Coos Bay, OR",,"OR","Coos Bay, OR","""Coos Bay, OR""",350,5.53615960099751,95.52,,,176200,-0.113378684807256,5.63549160671463,,,0.102951763858891,0.0402097902097902,106.5
"Metro","Walla Walla, WA",,"WA","Walla Walla, WA","""Walla Walla, WA""",351,9.77556109725686,100,,,198400,0.813008130081301,8.95112575507963,,,0.0741632622332848,0.0123059838929945,82
"Metro","Oneonta, NY",,"NY","Oneonta, NY","""Oneonta, NY""",352,1.59600997506234,70,,,120100,0.166805671392827,5.90828924162257,,,0.144317498496693,0.0541666666666667,159.5
"Metro","Baraboo, WI",,"WI","Baraboo, WI","""Baraboo, WI""",353,5.5860349127182,,,,171700,0.233508464681845,5.20833333333333,,,0.0912910618792972,0.0097629009762901,89
"Metro","Sturgis, MI",,"MI","Sturgis, MI","""Sturgis, MI""",355,9.87531172069825,,,,110300,2.41411327762303,13.360739979445,,,0.143835616438356,0.012987012987013,119
"Metro","Lewiston, ID",,"ID","Lewiston, ID","""Lewiston, ID-WA""",356,5.56109725685786,40,,,188000,-0.896151818661044,3.98230088495575,0.0568510638297872,,0.0872299360462754,0.0124116133564251,
"Metro","Albemarle, NC",,"NC","Albemarle, NC","""Albemarle, NC""",357,8.17955112219451,,,,126300,0.717703349282297,5.33778148457047,,,0.10079255685734,0.0205128205128205,121
"Metro","Georgetown, SC",,"SC","Georgetown, SC","""Georgetown, SC""",359,3.81546134663342,80,,,211600,0.713945740123751,3.37078651685393,,,0.107099143206854,0.0571428571428571,146
"Metro","Laconia, NH",,"NH","Laconia, NH","""Laconia, NH""",360,2.01995012468828,69.14,,,203000,0.246913580246914,3.83631713554987,,,0.102389516957862,0.0376411543287327,112.5
"Metro","Oxford, NC",,"NC","Oxford, NC","""Oxford, NC""",362,2.19451371571072,73.91,,,144000,0.278551532033426,6.74573758339511,,,0.0951214918063665,0.0396039603960396,84
"Metro","Sanford, NC",,"NC","Sanford, NC","""Sanford, NC""",367,4.81296758104738,70.97,,,119900,0.587248322147651,1.43824027072758,,,0.0977742448330684,0.032520325203252,135
"Metro","Gloversville, NY",,"NY","Gloversville, NY","""Gloversville, NY""",369,0.548628428927681,75,,,111500,1.36363636363636,4.99058380414313,,,0.204549525344797,0.0910683012259195,114.5
"Metro","Carson City, NV",,"NV","Carson City, NV","""Carson City, NV""",370,5.86034912718204,88.89,4.6899,2.0644,244800,0.16366612111293,6.94626474442988,0.0728921568627452,,0.0992687385740402,0.0386740331491713,73
"Metro","Calhoun, GA",,"GA","Calhoun, GA","""Calhoun, GA""",371,2.41895261845387,,,,116700,0.690250215703192,3.0008826125331,,,0.142936906756002,0.0234375,75
"Metro","Payson, AZ",,"AZ","Payson, AZ","""Payson, AZ""",375,5.13715710723192,72.73,,,174000,0.172711571675302,7.40740740740741,,,0.114087898856111,0.0343007915567282,124.5
"Metro","Rochelle, IL",,"IL","Rochelle, IL","""Rochelle, IL""",376,0.448877805486284,33.33,,,56500,-0.352733686067019,-25.7555847568988,,,0.140691026597067,0.0326855123674912,114.5
"Metro","Galesburg, IL",,"IL","Galesburg, IL","""Galesburg, IL""",377,3.16708229426434,87.5,,,73600,0.409276944065484,-1.34048257372654,,,0.137149199302362,0.0254335260115607,85
"Metro","Edwards, CO",,"CO","Edwards, CO","""Edwards, CO""",379,6.33416458852868,89.29,,,634500,0.0946521533364884,5.03227942393643,,,0.0755485893416928,0.012448132780083,105
"Metro","Fernley, NV",,"NV","Fernley, NV","""Fernley, NV""",380,7.65586034912718,,,,194700,1.30072840790843,13.3294528521537,,,0.122316200390371,0.050531914893617,78
"Metro","Durango, CO",,"CO","Durango, CO","""Durango, CO""",381,8.428927680798,89.74,,,338200,0.2371072910492,7.0253164556962,,,0.0723320862283984,0.0172413793103448,108.5
"Metro","Bartlesville, OK",,"OK","Bartlesville, OK","""Bartlesville, OK""",383,9.85037406483791,,,,101400,1.80722891566265,13.6771300448431,,,0.117214320745463,0.0167364016736402,88
"Metro","St. Marys, GA",,"GA","St. Marys, GA","""St. Marys, GA""",384,2.64339152119701,62.96,,,154100,0.195058517555267,8.52112676056338,,,0.20188679245283,0.0263381478334749,101
"Metro","Amsterdam, NY",,"NY","Amsterdam, NY","""Amsterdam, NY""",385,3.14214463840399,,,,90200,1.00783874580067,1.12107623318386,,,0.221479713603819,0.052801724137931,177
"Metro","Paris, TX",,"TX","Paris, TX","""Paris, TX""",386,9.60099750623441,100,,,76900,2.80748663101604,4.62585034013605,,,0.11968253968254,0.0159151193633952,
"Metro","Cortland, NY",,"NY","Cortland, NY","""Cortland, NY""",388,0.174563591022444,73.33,,,103900,-0.574162679425837,-4.41582336706532,,,0.0858988159311087,0.0476190476190476,117
"Metro","Norfolk, NE",,"NE","Norfolk, NE","""Norfolk, NE""",389,9.30174563591022,96.15,,,137300,-0.362844702467344,6.35166537567777,,,0.0795382573600292,0.00507596735085266,77
"Metro","Ardmore, OK",,"OK","Ardmore, OK","""Ardmore, OK""",391,3.09226932668329,81.82,,,92800,-0.322234156820623,-1.38150903294368,,,0.133730373578776,0.0202429149797571,118
"Metro","Nogales, AZ",,"AZ","Nogales, AZ","""Nogales, AZ""",393,4.28927680798005,81.25,,,124700,0.564516129032258,3.74376039933444,,,0.164156626506024,0.035386631716907,122
"Metro","Gardnerville Ranchos, NV",,"NV","Gardnerville Ranchos, NV","""Gardnerville Ranchos, NV""",396,8.32917705735661,83.87,,,354000,0.998573466476462,12.2740247383444,,,0.0862857142857143,0.0562913907284768,89
"Metro","Tahlequah, OK",,"OK","Tahlequah, OK","""Tahlequah, OK""",397,5.51122194513716,,,,107500,-1.28558310376492,7.39260739260739,,,0.111761263897016,0.031413612565445,137
"Metro","Moultrie, GA",,"GA","Moultrie, GA","""Moultrie, GA""",401,0.199501246882793,85.71,,,83300,-0.239520958083832,-4.14269275028769,,,0.150019432568986,0.0362694300518135,
"Metro","Shelbyville, TN",,"TN","Shelbyville, TN","""Shelbyville, TN""",402,9.12718204488778,90.91,,,136300,1.2630014858841,16.6952054794521,,,0.113086232980333,0.0133779264214047,83
"Metro","Thomasville, GA",,"GA","Thomasville, GA","""Thomasville, GA""",403,1.39650872817955,,,,103500,-0.0965250965250965,-4.52029520295203,,,0.178535939052666,0.0296846011131725,133
"Metro","Cornelia, GA",,"GA","Cornelia, GA","""Cornelia, GA""",404,9.15211970074813,,,,130400,1.16369278510473,16.7412712623098,,,0.0949886104783599,0.0455635491606715,108.5
"Metro","Seymour, IN",,"IN","Seymour, IN","""Seymour, IN""",408,2.8428927680798,86.67,,,105500,-0.283553875236295,-7.04845814977974,,,0.143195011825414,0.0225225225225225,105
"Metro","Auburn, IN",,"IN","Auburn, IN","""Auburn, IN""",410,0.498753117206983,90.91,,,114000,0,-3.14358538657604,,,0.170893054024256,0.0354838709677419,
"Metro","Paragould, AR",,"AR","Paragould, AR","""Paragould, AR""",411,5.785536159601,,,,103800,-1.42450142450142,6.68036998972251,,,0.0995550611790879,0.0223463687150838,93
"Metro","Lawrenceburg, TN",,"TN","Lawrenceburg, TN","""Lawrenceburg, TN""",412,2.59351620947631,66.67,,,94900,0.105485232067511,7.47451868629672,,,0.12751677852349,0.0281954887218045,
"Metro","Montrose, CO",,"CO","Montrose, CO","""Montrose, CO""",414,7.08229426433915,85.19,,,204500,0.540806293018682,6.78851174934726,,,0.0913230457880091,0.0249307479224377,80.5
"Metro","Urbana, OH",,"OH","Urbana, OH","""Urbana, OH""",416,1.69576059850374,,,,115200,0.875656742556918,4.91803278688525,,,0.156992932105376,0.043656207366985,88
"Metro","Okeechobee, FL",,"FL","Okeechobee, FL","""Okeechobee, FL""",417,7.53117206982544,100,,,110000,1.4760147601476,19.6953210010881,,,0.199621928166352,0.107954545454545,113
"Metro","Berlin, NH",,"NH","Berlin, NH","""Berlin, NH-VT""",419,2.51870324189526,78.95,,,114100,0.351802990325418,4.96780128794848,,,0.189205579138872,0.0384615384615385,172
"Metro","Defiance, OH",,"OH","Defiance, OH","""Defiance, OH""",420,4.68827930174564,,,,96800,0.20703933747412,6.72546857772878,,,0.152704861903675,0.0134529147982063,91
"Metro","Dyersburg, TN",,"TN","Dyersburg, TN","""Dyersburg, TN""",423,9.50124688279302,100,,,76600,1.59151193633952,5.36451169188446,,,0.104290991759022,0.0217983651226158,
"Metro","Brownwood, TX",,"TX","Brownwood, TX","""Brownwood, TX""",425,3.49127182044888,100,,,80900,-0.4920049200492,6.02883355176933,,,0.139969681657403,0.0397111913357401,94
"Metro","Easton, MD",,"MD","Easton, MD","""Easton, MD""",426,3.56608478802993,,,,283900,0.924280127977248,5.49981419546637,,,0.113154960981048,0.0558292282430213,133
"Metro","Safford, AZ",,"AZ","Safford, AZ","""Safford, AZ""",427,1.3216957605985,81.82,,,139400,-0.0716845878136201,-5.87440918298447,,,0.176541717049577,0.0251141552511416,136.5
"Metro","Batesville, AR",,"AR","Batesville, AR","""Batesville, AR""",435,8.4788029925187,83.33,,,99400,1.84426229508197,12.9545454545455,,,0.190377293181031,0.0181818181818182,
"Metro","Vidalia, GA",,"GA","Vidalia, GA","""Vidalia, GA""",436,1.04738154613466,83.33,,,104100,-0.0959692898272553,2.86561264822134,,,0.159783425525907,0.028098578064022,
"Metro","Seneca Falls, NY",,"NY","Seneca Falls, NY","""Seneca Falls, NY""",440,3.86533665835411,80,,,99400,0.404040404040404,7.11206896551724,,,0.134280353792549,0.0518962075848303,122.5
"Metro","Martin, TN",,"TN","Martin, TN","""Martin, TN""",441,1.82044887780549,73.68,,,77400,0.129366106080207,4.59459459459459,,,0.174010455563854,0.0171673819742489,98
"Metro","Arcadia, FL",,"FL","Arcadia, FL","""Arcadia, FL""",444,6.23441396508728,90.91,,,110600,2.2181146025878,18.796992481203,,,0.188248716486024,0.0787878787878788,96
"Metro","Paris, TN",,"TN","Paris, TN","""Paris, TN""",452,9.67581047381546,100,,,95700,1.26984126984127,16.5651644336175,,,0.135071784353941,0.0260303687635575,
"Metro","Lewisburg, TN",,"TN","Lewisburg, TN","""Lewisburg, TN""",456,9.22693266832918,90,,,109400,1.2962962962963,2.91627469426152,,,0.0878323932312651,0.0152905198776758,
"Metro","Jesup, GA",,"GA","Jesup, GA","""Jesup, GA""",457,1.92019950124688,100,,,107300,-1.10599078341014,-5.29567519858782,,,0.163863266413456,0.0231788079470199,
"Metro","Ludington, MI",,"MI","Ludington, MI","""Ludington, MI""",458,8.6284289276808,66.67,,,120900,0.75,13.2022471910112,,,0.121070234113712,0.00552486187845304,
"Metro","Bainbridge, GA",,"GA","Bainbridge, GA","""Bainbridge, GA""",462,0.0997506234413965,80,,,94500,-0.316455696202532,4.1896361631753,,,0.213393870601589,0.050531914893617,
"Metro","Summerville, GA",,"GA","Summerville, GA","""Summerville, GA""",465,5.41147132169576,80,,,74300,0.134770889487871,16.2754303599374,,,0.183690987124464,0.014018691588785,
"Metro","La Grande, OR",,"OR","La Grande, OR","""La Grande, OR""",466,9.55112219451372,,,,164700,1.66666666666667,11.2086428089129,,,0.0906515580736544,0.0104166666666667,98.5
"Metro","The Dalles, OR",,"OR","The Dalles, OR","""The Dalles, OR""",470,4.78802992518703,,,,190700,0.210194429847609,12.7068557919622,,,0.0851167315175097,0.0514285714285714,93.5
"Metro","Steamboat Springs, CO",,"CO","Steamboat Springs, CO","""Steamboat Springs, CO""",472,9.10224438902743,88.24,,,408500,0.442586673223506,13.5668612732833,,,0.0825688073394495,0.00925925925925926,119.5
"Metro","Hood River, OR",,"OR","Hood River, OR","""Hood River, OR""",474,9.37655860349127,100,,,380200,0.502246893999471,15.3869499241275,,,0.0515313563441906,0.0283018867924528,83.5
"Metro","Prineville, OR",,"OR","Prineville, OR","""Prineville, OR""",477,8.65336658354115,85.71,,,226700,0.710795202132386,21.7508055853921,,,0.0808823529411765,0.0738636363636364,106
"Metro","Othello, WA",,"WA","Othello, WA","""Othello, WA""",478,3.89027431421446,100,,,130700,-0.456968773800457,-1.65537998495109,,,0.11142061281337,0.025,
"Metro","Vineyard Haven, MA",,"MA","Vineyard Haven, MA","""Vineyard Haven, MA""",479,6.08478802992519,93.75,,,690500,-0.0289561314608368,1.29089042100631,,,0.0346358792184725,0.0256410256410256,188
"Metro","Charleston, SC",,"SC","Charleston, SC","""Charleston-North Charleston, SC""",,7.38154613466334,86.67,1.4768,0.7062,,,,,,0.0918914377473503,0.0358777953685918,94
"Metro","Jefferson, GA",,"GA","Jefferson, GA","""Jefferson, GA""",,4.3142144638404,90,21.7074,0.9503,,,,,,0.0892448512585812,0.0296896086369771,77
