"Date","RegionName","State","SizeRank","Zri","MoM","QoQ","YoY","ZriRecordCnt"
2016-11-30,"United States",,0,1384,0.00217233888486604,0.000723065798987708,0.0176470588235294,84779133
2016-11-30,"New York, NY","NY",1,2418,0.0033195020746888,-0.000826446280991736,0.0163934426229508,3406478
2016-11-30,"Los Angeles-Long Beach-Anaheim, CA","CA",2,2742,0.00366032210834553,0.00920132499079867,0.0611455108359133,2096258
2016-11-30,"Chicago, IL","IL",3,1681,0.00119118522930316,0.00119118522930316,0.00238521168753727,2263049
2016-11-30,"Dallas-Fort Worth, TX","TX",4,1584,0.00380228136882129,0.0089171974522293,0.0386885245901639,1722892
2016-11-30,"Philadelphia, PA","PA",5,1682,0.00178677784395473,-0.00237247924080664,0.000594883997620464,1494771
2016-11-30,"Houston, TX","TX",6,1583,0,-0.00440251572327044,-0.006900878293601,1639411
2016-11-30,"Washington, DC","DC",7,2269,-0.00175978882534096,-0.00482456140350877,0.000882223202470225,1217484
2016-11-30,"Miami-Fort Lauderdale, FL","FL",8,2134,-0.00140383715489003,-0.00559179869524697,0.0195891065456283,1239800
2016-11-30,"Atlanta, GA","GA",9,1331,0.00377073906485671,0.0113981762917933,0.0431034482758621,1661509
2016-11-30,"Boston, MA","MA",10,2386,0.00294241277847835,0.00336417157275021,0.028005170185265,919787
2016-11-30,"San Francisco, CA","CA",11,3481,0.000574877838459327,-0.00257879656160458,0.0160537069468768,937704
2016-11-30,"Detroit, MI","MI",12,1137,0.00176211453744493,0.000880281690140845,0.0393053016453382,1439178
2016-11-30,"Riverside, CA","CA",13,1753,0.00343445907269605,0.00400916380297824,0.0257460503218256,1045660
2016-11-30,"Phoenix, AZ","AZ",14,1343,0.00298730395817774,0.00298730395817774,0.0418929402637704,1230754
2016-11-30,"Seattle, WA","WA",15,2174,0.00415704387990762,0.0125756870051234,0.0848303393213573,929007
2016-11-30,"Minneapolis-St Paul, MN","MN",16,1591,0.0056890012642225,0.00632511068943706,0.0284421460892049,938205
2016-11-30,"San Diego, CA","CA",17,2532,0.00158227848101266,0.00277227722772277,0.0389823553549446,582310
2016-11-30,"St. Louis, MO","MO",18,1148,0.00262008733624454,-0.00260642919200695,0.00174520069808028,922562
2016-11-30,"Tampa, FL","FL",19,1384,0.00289855072463768,0.00581395348837209,0.0297619047619048,827247
2016-11-30,"Baltimore, MD","MD",20,1743,0.00172413793103448,-0.00114613180515759,0.00172413793103448,875006
2016-11-30,"Denver, CO","CO",21,2118,0.000472366556447804,-0.00516674495068107,0.0226943505552873,684042
2016-11-30,"Pittsburgh, PA","PA",22,1081,-0.00276752767527675,-0.0136861313868613,-0.0136861313868613,759447
2016-11-30,"Portland, OR","OR",23,1844,0.00655021834061135,0.0143014301430143,0.0702263493905978,625026
2016-11-30,"Charlotte, NC","NC",24,1252,0.00400962309542903,0.0088638195004029,0.0195439739413681,782774
2016-11-30,"Sacramento, CA","CA",25,1741,0.0023028209556707,0.00986078886310905,0.0583586626139818,587120
2016-11-30,"San Antonio, TX","TX",26,1332,0.00225733634311512,0.00452488687782805,0.0160183066361556,623852
2016-11-30,"Orlando, FL","FL",27,1434,0.00349895031490553,0.00702247191011236,0.0309130122214234,613801
2016-11-30,"Cincinnati, OH","OH",28,1287,0.00390015600624025,0.00783085356303837,0.0246815286624204,612786
2016-11-30,"Cleveland, OH","OH",29,1192,0.000839630562552477,-0.0016750418760469,0.0136054421768707,623419
2016-11-30,"Kansas City, MO","MO",30,1275,0.003147128245476,0.00235849056603774,0.0307194826192401,628301
2016-11-30,"Las Vegas, NV","NV",31,1289,0.00311284046692607,0.00233281493001555,0.0157604412923562,525228
2016-11-30,"Columbus, OH","OH",32,1343,0.00149142431021626,0.000745156482861401,0.020516717325228,522383
2016-11-30,"Indianapolis, IN","IN",33,1202,-0.00414250207125104,-0.00988467874794069,0.00838926174496644,646184
2016-11-30,"San Jose, CA","CA",34,3621,-0.00247933884297521,-0.00275406224180666,0.0328009127210496,358068
2016-11-30,"Austin, TX","TX",35,1732,0.000577700751010976,-0.00287852619458837,0.00991253644314869,459758
2016-11-30,"Virginia Beach, VA","VA",36,1445,-0.000691562932226833,-0.0102739726027397,-0.0163376446562287,461562
2016-11-30,"Nashville, TN","TN",37,1470,0.00409836065573771,0.0110041265474553,0.0440340909090909,569799
2016-11-30,"Providence, RI","RI",38,1654,-0.00181050090525045,-0.00720288115246099,0.0273291925465838,375413
2016-11-30,"Milwaukee, WI","WI",39,1464,0.00205338809034908,-0.00610997963340122,-0.00204498977505112,304601
2016-11-30,"Jacksonville, FL","FL",40,1290,0.0015527950310559,0.000775795190069822,0.00938967136150235,425472
2016-11-30,"Memphis, TN","TN",41,1049,-0.00190294957183635,-0.012241054613936,-0.00379867046533713,403190
2016-11-30,"Oklahoma City, OK","OK",42,1118,-0.00445235975066785,-0.0149779735682819,-0.0493197278911565,460998
2016-11-30,"Louisville-Jefferson County, KY","KY",43,1139,0.00440917107583774,0.00352422907488987,0.0261261261261261,502238
2016-11-30,"Hartford, CT","CT",44,1696,-0.00176574455562095,-0.00760678759508484,0.00712589073634204,302205
2016-11-30,"Richmond, VA","VA",45,1347,0,-0.00296076980014804,0.00148698884758364,415975
2016-11-30,"New Orleans, LA","LA",46,1382,0.00363108206245461,-0.00647016534867002,-0.0462387853692201,354883
2016-11-30,"Buffalo, NY","NY",47,1231,0.00901639344262295,-0.0120385232744783,-0.0222398729150119,301026
2016-11-30,"Raleigh, NC","NC",48,1405,0.0050071530758226,0.00572655690765927,0.0122478386167147,387944
2016-11-30,"Birmingham, AL","AL",49,1046,-0.000955109837631328,-0.0141376060320452,-0.0287836583101207,393862
2016-11-30,"Salt Lake City, UT","UT",50,1519,0.00529450694904037,0.0160535117056856,0.0475862068965517,272852
2016-11-30,"Rochester, NY","NY",51,1423,0.00779036827195467,0.00921985815602837,0.0556379821958457,304843
2016-11-30,"Grand Rapids, MI","MI",52,1243,-0.00718849840255591,-0.0304212168486739,0.0281224152191894,305827
2016-11-30,"Tucson, AZ","AZ",53,1141,0.00175592625109745,0.00087719298245614,0.0115248226950355,254918
2016-11-30,"Urban Honolulu, HI","HI",54,2681,0.00186846038863976,-0.0033457249070632,0.0163002274450341,153530
2016-11-30,"Tulsa, OK","OK",55,1088,-0.00548446069469835,-0.00820419325432999,0,328692
2016-11-30,"Fresno, CA","CA",56,1283,0.00469851213782302,0.0150316455696203,0.0330112721417069,207644
2016-11-30,"Worcester, MA","MA",57,1626,-0.00184162062615101,-0.00914076782449726,0.0592833876221498,223443
2016-11-30,"Stamford, CT","CT",58,2603,0.00269645608628659,0.000384319754035357,-0.00572956455309397,208110
2016-11-30,"Albuquerque, NM","NM",59,1189,-0.00251677852348993,-0.00418760469011725,0.000841750841750842,291435
2016-11-30,"Albany, NY","NY",60,1566,0.00384615384615385,0.00837089504185447,0.006426735218509,224679
2016-11-30,"Omaha, NE","NE",61,1290,0.000775795190069822,0.0015527950310559,0.0205696202531646,433347
2016-11-30,"New Haven, CT","CT",62,1751,-0.0056785917092561,-0.0135211267605634,0.0209912536443149,194590
2016-11-30,"Bakersfield, CA","CA",63,1260,-0.00237529691211401,-0.00630914826498423,-0.000793021411578113,193888
2016-11-30,"Knoxville, TN","TN",64,1084,0.00556586270871985,0.000923361034164358,0.00931098696461825,319631
2016-11-30,"Greenville, SC","SC",65,1208,0.00499168053244592,0.0100334448160535,0.0202702702702703,262593
2016-11-30,"Ventura, CA","CA",66,2641,0.00303835928598557,0.00418250950570342,0.0177263969171484,172924
2016-11-30,"Allentown, PA","PA",67,1432,0.00280112044817927,-0.00278551532033426,0.013446567586695,252155
2016-11-30,"El Paso, TX","TX",68,1000,-0.00299102691924227,-0.00299102691924227,-0.053030303030303,199499
2016-11-30,"Baton Rouge, LA","LA",69,1335,0.0037593984962406,0.00225225225225225,-0.0241228070175439,239575
2016-11-30,"Dayton, OH","OH",70,969,0,0.00103305785123967,0.00414507772020725,258074
2016-11-30,"McAllen, TX","TX",71,1070,0.0229445506692161,0.0753768844221105,0.0521140609636185,175908
2016-11-30,"Columbia, SC","SC",72,1123,-0.00177777777777778,-0.0088261253309797,0,257452
2016-11-30,"Akron, OH","OH",73,1114,-0.0071301247771836,-0.0253718285214348,0.000898472596585804,216804
2016-11-30,"North Port-Sarasota-Bradenton, FL","FL",74,1770,-0.00112866817155756,0,0.0125858123569794,242978
2016-11-30,"Little Rock, AR","AR",75,1021,-0.00195503421309873,-0.00969932104752667,-0.0125725338491296,236696
2016-11-30,"Stockton, CA","CA",76,1577,0.00573979591836735,0.0266927083333333,0.0981894150417827,158698
2016-11-30,"Charleston, SC","SC",77,1576,0.00318268618714195,0.0102564102564103,0.0320890635232482,212026
2016-11-30,"Syracuse, NY","NY",78,1373,0.00438917337234821,-0.00362844702467344,0.0307807807807808,181107
2016-11-30,"Colorado Springs, CO","CO",79,1408,0.00571428571428571,0.00859598853868195,0.0337738619676946,208329
2016-11-30,"Winston-Salem, NC","NC",80,1029,0.00292397660818713,0.00390243902439024,0.000972762645914397,227482
2016-11-30,"Wichita, KS","KS",81,988,0,-0.00302724520686176,-0.0670443814919736,202250
2016-11-30,"Springfield, MA","MA",82,1582,0.0102171136653895,0.00253485424588086,0.0312907431551499,145341
2016-11-30,"Fort Myers, FL","FL",83,1607,-0.00124300807955252,-0.0037197768133912,0.0428293316028553,226540
2016-11-30,"Boise City, ID","ID",84,1186,0.00338409475465313,0.010221465076661,0.0589285714285714,198891
2016-11-30,"Toledo, OH","OH",85,977,0.00205128205128205,-0.00912778904665314,-0.0111336032388664,194180
2016-11-30,"Madison, WI","WI",86,1521,0.00661813368630046,0.0235531628532974,0.014,184077
2016-11-30,"Lakeland, FL","FL",87,1198,0.00503355704697987,0.00756938603868797,0.0187074829931973,174769
2016-11-30,"Ogden, UT","UT",88,1383,0.00144822592324403,0.00655021834061135,0.0712625871417506,166006
2016-11-30,"Daytona Beach, FL","FL",89,1295,0.00232198142414861,0.00699844479004666,0.0502838605028386,210405
2016-11-30,"Des Moines, IA","IA",90,1303,0.00540123456790123,-0.00382262996941896,-0.0247005988023952,183705
2016-11-30,"Jackson, MS","MS",91,1211,-0.00164880461665293,-0.0146460537021969,0.0448662640207075,175068
2016-11-30,"Youngstown, OH","OH",92,801,0.0139240506329114,0.0100882723833544,0.0375647668393782,195186
2016-11-30,"Augusta, GA","GA",93,895,-0.00222965440356745,-0.00776053215077605,0.00111856823266219,228790
2016-11-30,"Scranton, PA","PA",94,1018,0.0159680638722555,0.0419651995905834,-0.00391389432485323,179944
2016-11-30,"Harrisburg, PA","PA",95,1246,-0.00240192153722978,-0.0126782884310618,-0.021978021978022,177173
2016-11-30,"Melbourne, FL","FL",96,1328,0.00453857791225416,0.00911854103343465,0.0456692913385827,183285
2016-11-30,"Chattanooga, TN","TN",97,1135,0.000881834215167548,-0.00699912510936133,0.018850987432675,186486
2016-11-30,"Spokane, WA","WA",98,1236,-0.00161550888529887,0,0.0369127516778524,163043
2016-11-30,"Provo, UT","UT",99,1470,0.00684931506849315,0.0222531293463143,0.0606060606060606,117861
2016-11-30,"Lancaster, PA","PA",100,1181,0,-0.00421585160202361,0.0497777777777778,138141
2016-11-30,"Modesto, CA","CA",101,1357,0.00295639320029564,0.00667655786350148,0.0643137254901961,122754
2016-11-30,"Portland, ME","ME",102,1648,0.00549115314215985,0.00121506682867558,0.0410612760581175,165429
2016-11-30,"Durham, NC","NC",103,1396,0.00143472022955524,0.00215362526920316,0.0257163850110213,142835
2016-11-30,"Santa Rosa, CA","CA",104,2613,0.00577367205542725,0.0127906976744186,0.0678381691867593,121535
2016-11-30,"Lexington, KY","KY",105,1178,-0.00338409475465313,-0.00506756756756757,0.0434012400354296,155484
2016-11-30,"Lafayette, LA","LA",106,1218,0.00164473684210526,-0.00895036615134255,-0.0723533891850724,135087
2016-11-30,"Lansing, MI","MI",107,1115,-0.00268336314847943,-0.012400354295837,0.0229357798165138,141799
2016-11-30,"Fayetteville, AR","AR",108,1171,0.00171086398631309,0.00342759211653813,0.0399644760213144,141959
2016-11-30,"Pensacola, FL","FL",109,1092,-0.00364963503649635,-0.013550135501355,0.00459981600735971,153101
2016-11-30,"Visalia, CA","CA",110,1178,0.00511945392491468,0.0111587982832618,0.027027027027027,105049
2016-11-30,"Shreveport, LA","LA",111,1050,-0.004739336492891,-0.0304709141274238,-0.0471869328493648,144567
2016-11-30,"Springfield, MO","MO",112,827,0.00242424242424242,-0.00241254523522316,0.00242424242424242,121689
2016-11-30,"York, PA","PA",113,1285,0.0062646828504307,0.00234009360374415,-0.0242976461655277,122010
2016-11-30,"Corpus Christi, TX","TX",114,1375,0.0043827611395179,0.0155096011816839,-0.0303244005641749,127000
2016-11-30,"Reno, NV","NV",115,1588,0.00252525252525253,0.00506329113924051,0.0413114754098361,111457
2016-11-30,"Asheville, NC","NC",116,1333,0.000750750750750751,-0.00522388059701493,0.0381619937694704,140843
2016-11-30,"Port St. Lucie, FL","FL",117,1477,0.00407885791978246,0.0061307901907357,0.0394088669950739,156139
2016-11-30,"Huntsville, AL","AL",118,1093,0.00644567219152855,-0.000914076782449726,-0.0609965635738832,126792
2016-11-30,"Fort Wayne, IN","IN",119,1066,0.00661000944287063,0.000938967136150235,0.0430528375733855,135749
2016-11-30,"Salinas, CA","CA",120,2382,-0.000838926174496644,0.00718816067653277,0.108422522103304,74863
2016-11-30,"Vallejo, CA","CA",121,2026,0.00997008973080758,0.0299949161159126,0.0646347871781398,111079
2016-11-30,"Mobile, AL","AL",122,918,0.00218340611353712,0.0121278941565601,-0.0285714285714286,137167
2016-11-30,"Reading, PA","PA",123,1321,0.000757575757575758,-0.0030188679245283,-0.0156482861400894,96666
2016-11-30,"Brownsville, TX","TX",124,914,-0.00652173913043478,-0.01931330472103,0.0144284128745838,116847
2016-11-30,"Killeen, TX","TX",125,1032,0.00194174757281553,0.0078125,-0.00482160077145612,117032
2016-11-30,"Canton, OH","OH",126,976,-0.00712105798575788,-0.00408163265306122,0.0177267987486966,130731
2016-11-30,"Beaumont, TX","TX",127,1121,-0.00089126559714795,-0.00620567375886525,-0.00620567375886525,125862
2016-11-30,"Manchester, NH","NH",128,1848,0.0126027397260274,0.00271296798697775,-0.0144,103888
2016-11-30,"Salem, OR","OR",129,1450,0.00834492350486787,0.013986013986014,0.0669610007358352,97857
2016-11-30,"Anchorage, AK","AK",130,1970,-0.00555275113579,-0.0164752870693959,-0.0261987147800297,78812
2016-11-30,"Davenport, IL","IL",131,1022,-0.0163618864292589,-0.0571955719557196,0.0118811881188119,134048
2016-11-30,"Myrtle Beach, SC","SC",132,1296,0.00309597523219814,-0.000771010023130301,0.00777604976671851,155127
2016-11-30,"Montgomery, AL","AL",133,906,0.00443458980044346,-0.00220264317180617,-0.0278969957081545,145141
2016-11-30,"Salisbury, MD","MD",134,1279,-0.00156128024980484,-0.0138781804163454,-0.0161538461538462,156896
2016-11-30,"Gulfport, MS","MS",135,995,-0.0030060120240481,-0.0235525024533857,-0.0386473429951691,117368
2016-11-30,"Tallahassee, FL","FL",136,1209,-0.00411861614497529,-0.0178716490658002,-0.0114472608340147,85961
2016-11-30,"Trenton, NJ","NJ",137,1887,0.00212426978226235,0.005863539445629,0.0288985823336968,106134
2016-11-30,"Fayetteville, NC","NC",138,903,0.00444938820912125,0.00556792873051225,-0.00550660792951542,106866
2016-11-30,"Hickory, NC","NC",139,926,0.00216450216450216,0.00325027085590466,0.0486976217440544,162269
2016-11-30,"Huntington, WV","WV",140,899,-0.00111111111111111,-0.011001100110011,-0.0760534429599178,115396
2016-11-30,"Eugene, OR","OR",141,1310,0.00691775557263643,0.0115830115830116,0.0746513535684988,87974
2016-11-30,"Rockford, IL","IL",142,1131,0,0.00354924578527063,0,100554
2016-11-30,"Savannah, GA","GA",143,1242,-0.00160771704180064,-0.0103585657370518,-0.0235849056603774,111397
2016-11-30,"Ann Arbor, MI","MI",144,1696,0.00355029585798817,-0.00352526439482961,-0.0336182336182336,87426
2016-11-30,"Ocala, FL","FL",145,1066,0.00282220131702728,-0.000937207122774133,0.025,113489
2016-11-30,"Kalamazoo, MI","MI",146,1134,0.00979519145146928,0,0.0451612903225806,120008
2016-11-30,"South Bend, IN","IN",147,941,0.0161987041036717,0.0386313465783664,0.052572706935123,121752
2016-11-30,"Spartanburg, SC","SC",148,1063,0.00188501413760603,-0.00654205607476636,0.0162523900573614,101211
2016-11-30,"Evansville, IN","IN",149,988,0.0122950819672131,0.00919305413687436,0.0196078431372549,109971
2016-11-30,"Kingsport, TN","TN",150,924,0.00325732899022801,-0.00323624595469256,-0.0159744408945687,108173
2016-11-30,"Roanoke, VA","VA",151,1131,-0.00440140845070423,-0.0173761946133797,0.021680216802168,122142
2016-11-30,"Green Bay, WI","WI",152,1056,0.00763358778625954,-0.0204081632653061,0.0173410404624277,102660
2016-11-30,"Lincoln, NE","NE",153,1289,0.00546021840873635,0.00860719874804382,0.0205859065716548,78077
2016-11-30,"Fort Collins, CO","CO",154,1753,-0.00113960113960114,-0.0112803158488438,0.00921128382268279,101360
2016-11-30,"Columbus, GA","GA",155,894,0.00336700336700337,-0.00223214285714286,-0.0229508196721311,88430
2016-11-30,"Boulder, CO","CO",156,2357,-0.00590468156895825,-0.0133947258267057,-0.0133947258267057,87205
2016-11-30,"Lubbock, TX","TX",157,1183,0.00254237288135593,0.00509770603228547,-0.0100418410041841,83387
2016-11-30,"Erie, PA","PA",158,1037,0.0117073170731707,0.0287698412698413,0.0216748768472906,73826
2016-11-30,"Fort Smith, AR","AR",159,874,0.00229357798165138,0.00691244239631336,0.0234192037470726,77793
2016-11-30,"Duluth, MN","MN",160,1110,-0.0124555160142349,-0.0237467018469657,-0.0062667860340197,115337
2016-11-30,"Atlantic City, NJ","NJ",161,1555,0.00257898130238556,-0.00128452151573539,-0.0383426097711812,91946
2016-11-30,"New London, CT","CT",162,1564,-0.00127713920817369,0.000639795265515035,0.0249017038007864,77412
2016-11-30,"San Luis Obispo, CA","CA",163,2403,0.00417885499373172,0.0147804054054054,0.0628040689960195,74571
2016-11-30,"Gainesville, FL","FL",164,1272,0.00792393026941363,0.00712589073634204,0.0241545893719807,64416
2016-11-30,"Santa Cruz, CA","CA",165,3038,-0.00458715596330275,0.000658761528326746,0.0301797219396406,50091
2016-11-30,"Clarksville, TN","TN",166,982,0.00306435137895812,0.0092497430626927,-0.017017017017017,87440
2016-11-30,"Cedar Rapids, IA","IA",167,1120,0.00448430493273543,0.0026857654431513,-0.0175438596491228,91491
2016-11-30,"Merced, CA","CA",168,1176,0.00426985482493595,0.0226086956521739,0.0909090909090909,55546
2016-11-30,"Wilmington, NC","NC",169,1301,0.0030840400925212,-0.00306513409961686,-0.00687022900763359,99715
2016-11-30,"Kennewick, WA","WA",170,1415,0.00212464589235127,0.014336917562724,0.0136103151862464,72148
2016-11-30,"Greeley, CO","CO",171,1601,-0.00124766063630692,-0.0080545229244114,0.0402858999350227,84168
2016-11-30,"Waco, TX","TX",172,1183,-0.000844594594594595,0.0111111111111111,0.0774134790528233,70026
2016-11-30,"Lynchburg, VA","VA",173,1112,0.0109090909090909,0.0183150183150183,0.0201834862385321,79837
2016-11-30,"Olympia, WA","WA",174,1499,0.00671591672263264,0.012153950033761,0.0359364201796821,86385
2016-11-30,"Amarillo, TX","TX",175,1188,0.0008424599831508,-0.0141078838174274,0.00168634064080944,77327
2016-11-30,"Binghamton, NY","NY",176,1203,0.0186282811176969,0.0433651344319167,0.00753768844221105,64090
2016-11-30,"Hagerstown, MD","MD",177,1199,0.00756302521008403,0.00756302521008403,0.00250836120401338,83190
2016-11-30,"Bremerton, WA","WA",178,1639,0.0123533045089561,0.0250156347717323,0.0601552393272963,78839
2016-11-30,"Laredo, TX","TX",179,1075,-0.00830258302583026,-0.0652173913043478,-0.086661002548853,54816
2016-11-30,"Yakima, WA","WA",180,1129,0.00177462289263532,0.000886524822695035,0.0207956600361664,61351
2016-11-30,"Crestview-Fort Walton Beach-Destin, FL","FL",181,1362,-0.00365764447695684,-0.0043859649122807,0.00814211695040711,87628
2016-11-30,"Topeka, KS","KS",182,946,0,-0.00525762355415352,-0.0227272727272727,74815
2016-11-30,"Macon, GA","GA",183,973,0.00102880658436214,0.0062047569803516,0.0373134328358209,60701
2016-11-30,"Champaign-Urbana, IL","IL",184,1124,-0.00794351279788173,-0.0191972076788831,0.0236794171220401,63390
2016-11-30,"Tuscaloosa, AL","AL",185,1137,0.00353045013239188,-0.00263157894736842,-0.00958188153310104,97884
2016-11-30,"College Station, TX","TX",186,1500,0.00267379679144385,0.00133511348464619,-0.0118577075098814,47517
2016-11-30,"Sioux Falls, SD","SD",187,1176,0.00426985482493595,0.00341296928327645,0.04162976085031,60387
2016-11-30,"Charleston, WV","WV",188,913,0.00883977900552486,0,-0.0635897435897436,125038
2016-11-30,"Chico, CA","CA",189,1373,0.00586080586080586,0.017037037037037,0.0449010654490107,56921
2016-11-30,"Charlottesville, VA","VA",190,1445,0.00347222222222222,0.00486787204450626,0.00347222222222222,75857
2016-11-30,"Claremont, NH","NH",191,1378,0.00145348837209302,-0.00791936645068395,0,74944
2016-11-30,"Cape Cod, MA","MA",192,1977,-0.00201918223119637,-0.0173956262425447,0.0211776859504132,126296
2016-11-30,"Longview, TX","TX",193,1214,-0.00654664484451719,-0.0193861066235864,-0.00246507806080526,52488
2016-11-30,"Burlington, VT","VT",194,1848,-0.0175438596491228,-0.0624048706240487,0.0238227146814404,67132
2016-11-30,"Prescott, AZ","AZ",195,1428,0.00351370344342937,0.00492610837438424,0.0317919075144509,72576
2016-11-30,"Tyler, TX","TX",196,1242,0.00242130750605327,-0.00080450522928399,-0.00798722044728434,58045
2016-11-30,"Las Cruces, NM","NM",197,984,0.00613496932515337,0.00305810397553517,-0.0120481927710843,50418
2016-11-30,"Fargo, ND","ND",198,1349,0.00596569724086503,0.00897531787584144,-0.0131675201170446,46214
2016-11-30,"Houma, LA","LA",199,1100,-0.0134529147982063,-0.0533562822719449,-0.126984126984127,57187
2016-11-30,"Rochester, MN","MN",200,1354,-0.000738007380073801,-0.00878477306002928,0.0014792899408284,74959
2016-11-30,"Florence, SC","SC",201,983,-0.00304259634888438,-0.00606673407482305,0.035827186512118,73892
2016-11-30,"Medford, OR","OR",202,1445,0.00138600138600139,0.00208044382801664,0.0840210052513128,47266
2016-11-30,"Lafayette-West Lafayette, IN","IN",203,1068,0.0037593984962406,0.00659754948162111,-0.0129390018484288,52448
2016-11-30,"Bellingham, WA","WA",204,1588,0.0127551020408163,0.041994750656168,0.0614973262032086,58360
2016-11-30,"Lake Havasu City, AZ","AZ",205,1096,0.0101382488479263,0.0214352283317801,0.112690355329949,67215
2016-11-30,"Johnson City, TN","TN",206,965,0,0.00416233090530697,0.0342979635584137,81357
2016-11-30,"Elkhart, IN","IN",207,1086,0.0225988700564972,0.0432276657060519,0.0225988700564972,53793
2016-11-30,"Yuma, AZ","AZ",208,896,0.00561167227833894,0.00448430493273543,-0.0207650273224044,40682
2016-11-30,"Racine, WI","WI",209,1194,0.00167785234899329,-0.0401929260450161,-0.0355411954765751,54102
2016-11-30,"Athens, GA","GA",210,1151,-0.00173460537727667,-0.00690250215703192,0.0043630017452007,56005
2016-11-30,"Torrington, CT","CT",211,1622,0.00557966522008679,0.00870646766169154,-0.00368550368550369,61551
2016-11-30,"St. Cloud, MN","MN",212,1281,-0.00697674418604651,0.00391849529780564,0.117801047120419,58761
2016-11-30,"Hilton Head Island, SC","SC",213,1766,0.00512236767216847,0.0149425287356322,-0.00450958286358512,67238
2016-11-30,"Hilo, HI","HI",214,1491,-0.00732356857523302,-0.0106171201061712,0.0899122807017544,53015
2016-11-30,"Panama City, FL","FL",215,1246,0.00160771704180064,-0.00558659217877095,0.00241351568785197,65128
2016-11-30,"Kingston, NY","NY",216,1575,-0.00253324889170361,-0.0131578947368421,0.0327868852459016,51972
2016-11-30,"Daphne, AL","AL",217,1382,0.00582241630276565,0.00949598246895544,0.00290275761973875,73242
2016-11-30,"Gainesville, GA","GA",218,1256,0.00399680255795364,0.00641025641025641,-0.00317460317460317,51818
2016-11-30,"Warner Robins, GA","GA",219,971,-0.00512295081967213,-0.0132113821138211,0.0104058272632674,58099
2016-11-30,"Blacksburg, VA","VA",220,1163,-0.00598290598290598,-0.0193929173693086,-0.0292153589315526,50536
2016-11-30,"Jacksonville, NC","NC",221,888,-0.00112485939257593,-0.00448430493273543,-0.0441334768568353,60573
2016-11-30,"Redding, CA","CA",222,1260,0,-0.010989010989011,-0.0163934426229508,47917
2016-11-30,"Joplin, MO","MO",223,788,-0.00880503144654088,-0.0100502512562814,-0.0528846153846154,38057
2016-11-30,"El Centro, CA","CA",224,1129,0.0143755615453729,-0.00964912280701754,0.00266429840142096,33493
2016-11-30,"Terre Haute, IN","IN",225,756,0.0066577896138482,0.0174966352624495,0.0202429149797571,58084
2016-11-30,"Sioux City, IA","IA",226,1047,0.00191387559808612,0.00479846449136276,0.0554435483870968,50977
2016-11-30,"Greenville, NC","NC",227,1085,0.00277264325323475,0.00462962962962963,-0.0172101449275362,44879
2016-11-30,"Waterloo, IA","IA",228,1090,0.00275988960441582,-0.0189018901890189,0.0420650095602294,55042
2016-11-30,"Oshkosh, WI","WI",229,987,0.0143884892086331,0.0356768100734523,0.0647249190938511,30209
2016-11-30,"Yuba City, CA","CA",230,1372,0.00734214390602056,0.0261780104712042,0.0602782071097372,40050
2016-11-30,"Abilene, TX","TX",231,1034,0,-0.00481231953801732,-0.037243947858473,48782
2016-11-30,"Columbia, MO","MO",232,1181,0.0051063829787234,0.00339847068819031,0.000847457627118644,37999
2016-11-30,"Dover, DE","DE",233,1282,0.00312989045383412,0.00312989045383412,-0.00233463035019455,47533
2016-11-30,"Eau Claire, WI","WI",234,1148,0.00701754385964912,0.00790166812993854,0.173824130879346,45115
2016-11-30,"Jackson, MI","MI",235,852,0.00353356890459364,-0.0127462340672074,-0.122554067971164,61496
2016-11-30,"Punta Gorda, FL","FL",236,1646,0.0147965474722565,0.0179344465058751,0.0723127035830619,72546
2016-11-30,"Bloomington, IN","IN",237,1219,0.00411861614497529,0.00164338537387017,0.0175292153589316,46708
2016-11-30,"Pueblo, CO","CO",238,1088,0.00647548566142461,0.00927643784786642,0.0923694779116466,53713
2016-11-30,"Billings, MT","MT",239,1276,-0.00156494522691706,-0.00854700854700855,0.0102929532858274,46639
2016-11-30,"Bowling Green, KY","KY",240,1109,0.0127853881278539,0.0403377110694184,0.0211786372007366,39540
2016-11-30,"Bend, OR","OR",241,1668,0.00300661455201443,0.000599880023995201,0.0302655960469426,58476
2016-11-30,"Albany, GA","GA",242,885,-0.00225479143179256,-0.00895856662933931,-0.00895856662933931,36875
2016-11-30,"Vineland, NJ","NJ",243,1231,0,0.00407830342577488,0.0353238015138772,43771
2016-11-30,"Ottawa, IL","IL",244,1106,-0.0238305383936452,-0.0457290767903365,-0.0036036036036036,57109
2016-11-30,"State College, PA","PA",245,1461,-0.00273037542662116,-0.0214333556597455,-0.0343688037012558,31046
2016-11-30,"Alexandria, LA","LA",246,1066,-0.00559701492537313,-0.0430879712746858,-0.0499108734402852,37266
2016-11-30,"Decatur, AL","AL",247,844,-0.00236406619385343,-0.0105509964830012,-0.0865800865800866,56194
2016-11-30,"Hanford, CA","CA",248,1159,-0.00600343053173242,-0.0194585448392555,0.0517241379310345,27555
2016-11-30,"Iowa City, IA","IA",249,1465,0.00205198358413133,0.00411240575736806,0.0166551006245663,44998
2016-11-30,"Monroe, MI","MI",250,1039,0.00483558994197292,-0.0207351555136664,-0.052007299270073,51907
2016-11-30,"Wichita Falls, TX","TX",251,889,-0.00112359550561798,-0.0078125,-0.0602536997885835,44331
2016-11-30,"Burlington, NC","NC",252,947,0,0.00424178154825027,0.0226781857451404,46921
2016-11-30,"Madera, CA","CA",253,1219,0.00827129859387924,0.0149875104079933,0.0313028764805415,36164
2016-11-30,"Jefferson City, MO","MO",254,899,0.00222965440356745,0.00559284116331096,0.0976800976800977,40336
2016-11-30,"Chambersburg, PA","PA",255,1179,-0.00169348010160881,0.0137575236457438,0.0669683257918552,43019
2016-11-30,"Elizabethtown, KY","KY",256,987,0.00101419878296146,0.00509164969450102,-0.0208333333333333,39077
2016-11-30,"Wheeling, OH","OH",257,921,-0.0356020942408377,-0.108422071636012,-0.116970278044104,48677
2016-11-30,"Florence, AL","AL",258,841,-0.0175233644859813,-0.0539932508436445,-0.0486425339366516,53846
2016-11-30,"Grand Junction, CO","CO",259,1184,0.00509337860780985,0.00509337860780985,0.00338983050847458,47995
2016-11-30,"Concord, NH","NH",260,1506,0.00803212851405622,0.0134589502018843,-0.036468330134357,42545
2016-11-30,"Dothan, AL","AL",261,882,0,-0.00675675675675676,-0.0495689655172414,42145
2016-11-30,"Santa Fe, NM","NM",262,1783,-0.00446677833612507,-0.0149171270718232,-0.00279642058165548,50251
2016-11-30,"Traverse City, MI","MI",263,1207,0.0177065767284992,0.00667222685571309,0.0414150129421915,80671
2016-11-30,"Hattiesburg, MS","MS",264,1136,0.00353356890459364,-0.00612423447069116,-0.00175746924428822,41886
2016-11-30,"Dalton, GA","GA",265,950,0.00210970464135021,-0.00938477580813347,0.00635593220338983,36127
2016-11-30,"Greensboro, NC","NC",266,962,0.00417536534446764,-0.00103842159916926,0.0169133192389006,237283
2016-11-30,"Homosassa Springs, FL","FL",267,1075,-0.00185701021355617,-0.0245009074410163,0.0580708661417323,54454
2016-11-30,"Auburn, AL","AL",268,1214,-0.0146103896103896,-0.0349761526232114,0.00496688741721854,35593
2016-11-30,"Valdosta, GA","GA",269,942,0.00212765957446809,0.00426439232409382,-0.0197710718002081,36522
2016-11-30,"Coeur d'Alene, ID","ID",270,1306,0.00538876058506544,0.0187207488299532,0.0315955766192733,63135
2016-11-30,"Springfield, OH","OH",271,819,0.00122249388753056,0.0136138613861386,0.109756097560976,42682
2016-11-30,"St. George, UT","UT",272,1402,0.000713775874375446,0.00501792114695341,0.021865889212828,40194
2016-11-30,"Vero Beach, FL","FL",273,1437,0.00139372822299652,0.00912921348314607,0.0755988023952096,54983
2016-11-30,"Napa, CA","CA",274,2674,-0.00149365197908887,-0.00705532862978091,0.00677710843373494,28419
2016-11-30,"Tupelo, MS","MS",275,1076,-0.0101195952161913,-0.0164533820840951,0.0706467661691542,37280
2016-11-30,"Battle Creek, MI","MI",276,870,0.0175438596491228,-0.0124858115777526,-0.083245521601686,44104
2016-11-30,"Eureka, CA","CA",277,1323,0.0200462606013878,0.03198127925117,-0.0799721835883171,29774
2016-11-30,"Rapid City, SD","SD",278,1292,0.000774593338497289,-0.00308641975308642,-0.0122324159021407,32182
2016-11-30,"Lumberton, NC","NC",279,807,-0.00493218249075216,-0.0158536585365854,0,17408
2016-11-30,"Wausau, WI","WI",280,1050,0.00574712643678161,0.0365251727541955,0.179775280898876,51048
2016-11-30,"Lebanon, PA","PA",281,1023,-0.00389483933787731,-0.0492565055762082,-0.0201149425287356,38180
2016-11-30,"Idaho Falls, ID","ID",282,1065,0.00471698113207547,0.0075685903500473,0.0171919770773639,40724
2016-11-30,"Sierra Vista, AZ","AZ",283,869,-0.00685714285714286,-0.0136208853575482,-0.0290502793296089,34706
2016-11-30,"Pittsfield, MA","MA",284,1498,0.00875420875420875,0.0107962213225371,0.014218009478673,43250
2016-11-30,"Lawton, OK","OK",285,698,0.00143472022955524,-0.0056980056980057,-0.064343163538874,40749
2016-11-30,"Farmington, NM","NM",286,1143,-0.00261780104712042,-0.00867302688638335,-0.054590570719603,26356
2016-11-30,"Jackson, TN","TN",287,904,0.00332963374028857,0.00332963374028857,0.0585480093676815,54244
2016-11-30,"Morgantown, WV","WV",288,1023,0.0138751238850347,0.0118694362017804,-0.0657534246575342,48333
2016-11-30,"Winchester, VA","VA",289,1322,0.00303490136570561,0.00151515151515152,-0.00825206301575394,43021
2016-11-30,"St. Joseph, MO","MO",290,698,0.0028735632183908,-0.0605652759084791,-0.171021377672209,33235
2016-11-30,"New Bern, NC","NC",291,985,-0.00404448938321537,-0.00605449041372351,-0.0408958130477118,40908
2016-11-30,"Logan, UT","UT",292,1064,0.0152671755725191,0.0201342281879195,0.0162368672397326,10249
2016-11-30,"Harrisonburg, VA","VA",293,1122,0,-0.00707964601769911,0.0293577981651376,30820
2016-11-30,"Beckley, WV","WV",294,762,0.00395256916996047,-0.042713567839196,-0.102473498233216,40238
2016-11-30,"Mansfield, OH","OH",295,767,-0.0141388174807198,-0.0691747572815534,0.0550206327372765,38748
2016-11-30,"Weirton, OH","OH",296,727,0.00553250345781466,0.0282885431400283,0.00414364640883978,44041
2016-11-30,"Goldsboro, NC","NC",297,900,0.0158013544018059,0.0344827586206897,-0.0394877267876201,12549
2016-11-30,"Augusta, ME","ME",298,1136,-0.000879507475813544,0.0336669699727025,0.0788224121557455,32845
2016-11-30,"Hammond, LA","LA",299,1256,0.0104585679806919,0.017004048582996,-0.0110236220472441,30991
2016-11-30,"Jonesboro, AR","AR",300,958,-0.00208333333333333,-0.0244399185336049,0.0116156282998944,37631
2016-11-30,"Sherman, TX","TX",301,1068,0.0084985835694051,-0.014760147601476,-0.00186915887850467,40773
2016-11-30,"Anniston, AL","AL",302,746,0.00810810810810811,0.00134228187919463,-0.0261096605744125,44545
2016-11-30,"Staunton, VA","VA",303,1172,0.00085397096498719,-0.0208855472013367,-0.0249584026622296,41749
2016-11-30,"Muncie, IN","IN",304,800,-0.0099009900990099,-0.029126213592233,0.0443864229765013,41613
2016-11-30,"Mount Vernon, WA","WA",305,1520,0.0235690235690236,0.0312075983717775,0.0666666666666667,46707
2016-11-30,"Albany, OR","OR",306,1201,0.00586264656616415,0.00334168755221387,0.0544337137840211,30281
2016-11-30,"Williamsport, PA","PA",307,1052,0.0174081237911025,0.0415841584158416,0.0303623898139079,32121
2016-11-30,"Cleveland, TN","TN",308,906,0.023728813559322,0.0168350168350168,-0.0523012552301255,48843
2016-11-30,"Sheboygan, WI","WI",309,1104,0.010989010989011,0.010989010989011,0.0554493307839388,34032
2016-11-30,"Owensboro, KY","KY",310,927,0.00651465798045603,0.0153340635268346,0.0243093922651934,34871
2016-11-30,"Dunn, NC","NC",311,1089,0.00183992640294388,-0.000917431192660551,-0.0579584775086505,23818
2016-11-30,"Wooster, OH","OH",312,1148,-0.00347222222222222,-0.0128976784178848,-0.0145922746781116,29999
2016-11-30,"Morristown, TN","TN",313,958,0,0.0137566137566138,0.0424374319912949,44874
2016-11-30,"Kankakee, IL","IL",314,1155,0,0.00873362445414847,0.0284951024042743,34833
2016-11-30,"Brunswick, GA","GA",315,1156,-0.00344827586206897,-0.0342522974101921,-0.0326359832635983,34132
2016-11-30,"San Angelo, TX","TX",316,1176,0.0077120822622108,-0.0183639398998331,-0.0446791226645004,30994
2016-11-30,"Michigan City, IN","IN",317,1127,0.0217588395285585,0.0542563143124415,0.227668845315904,66334
2016-11-30,"Wenatchee, WA","WA",318,1569,0.0175097276264591,0.0221498371335505,0.0941422594142259,37351
2016-11-30,"Lawrence, KS","KS",319,1346,-0.00370096225018505,-0.00810611643330877,0.00975243810952738,26829
2016-11-30,"Decatur, IL","IL",320,884,0.00113250283125708,-0.00785634118967452,-0.0858324715615305,40493
2016-11-30,"Missoula, MT","MT",321,1338,0,0.0144048521607278,0.0453125,32491
2016-11-30,"Salem, OH","OH",322,862,0.00349243306169965,0.0117370892018779,-0.0226757369614512,32105
2016-11-30,"Bay City, MI","MI",323,829,0.00606796116504854,-0.0154394299287411,0.0097442143727162,37973
2016-11-30,"Lewiston, ME","ME",324,1119,0,-0.00178412132024978,0.011754068716094,29102
2016-11-30,"Sumter, SC","SC",325,793,-0.00125944584382872,-0.0173482032218092,-0.046875,49797
2016-11-30,"Meridian, MS","MS",326,961,-0.0203873598369011,-0.0596868884540117,-0.00723140495867769,31149
2016-11-30,"Show Low, AZ","AZ",327,1111,0,-0.0414150129421915,0.00634057971014493,25965
2016-11-30,"Danville, VA","VA",328,910,-0.00763358778625954,-0.0267379679144385,-0.037037037037037,36501
2016-11-30,"Lima, OH","OH",329,919,0.00437158469945355,0.00878155872667398,0.0291153415453527,32196
2016-11-30,"Cookeville, TN","TN",330,974,-0.00713557594291539,-0.00204918032786885,0.0114226375908619,41821
2016-11-30,"California-Lexington Park, MD","MD",331,1580,0.00445009535918627,0.00508905852417303,0.0108765195137556,42639
2016-11-30,"Cumberland, MD","MD",332,1095,-0.0144014401440144,-0.0266666666666667,-0.0214477211796247,44589
2016-11-30,"Longview, WA","WA",333,1281,0.00707547169811321,0.0158604282315623,0.0397727272727273,30196
2016-11-30,"Whitewater, WI","WI",334,1301,0.0100931677018634,0.00618716163959783,-0.0914804469273743,46390
2016-11-30,"Ithaca, NY","NY",335,1631,-0.0233532934131737,-0.0478692352597782,-0.0186522262334537,17711
2016-11-30,"Ashtabula, OH","OH",336,947,0.00105708245243129,0.0074468085106383,0.0074468085106383,32511
2016-11-30,"Gettysburg, PA","PA",337,1235,0.00570032573289902,0.0131255127153404,0.0016220600162206,47282
2016-11-30,"Pine Bluff, AR","AR",338,759,-0.0104302477183833,-0.0380228136882129,-0.0231660231660232,22578
2016-11-30,"Tullahoma, TN","TN",339,1078,-0.00092678405931418,-0.00369685767097967,0.0405405405405405,37128
2016-11-30,"Richmond, KY","KY",340,978,0.0176899063475546,0.0305584826132771,0.0338266384778013,28995
2016-11-30,"Adrian, MI","MI",341,941,0.00212992545260916,-0.0338809034907598,-0.0646123260437376,37040
2016-11-30,"Twin Falls, ID","ID",342,1099,0.0101102941176471,0.0261437908496732,0.0881188118811881,29594
2016-11-30,"Corning, NY","NY",343,1325,-0.00150715900527506,-0.0119313944817301,-0.0104555638536221,25507
2016-11-30,"Sebring, FL","FL",344,948,0.00211416490486258,0.00423728813559322,0.0859106529209622,37873
2016-11-30,"Truckee, CA","CA",345,1978,0.0185375901132853,0.0674581759309228,0.11941143180532,40714
2016-11-30,"Paducah, KY","KY",346,953,0.00633579725448786,0.0149094781682641,-0.0275510204081633,25038
2016-11-30,"Grand Forks, ND","ND",347,1252,-0.00949367088607595,-0.0211102423768569,0.0203748981255094,15587
2016-11-30,"Mankato, MN","MN",348,1317,-0.00151630022744503,-0.00828313253012048,0.00765110941086458,23601
2016-11-30,"Rome, GA","GA",349,1006,-0.0069101678183613,-0.0270793036750484,0.0490093847758081,24646
2016-11-30,"Cape Girardeau, MO","MO",350,863,0.00700116686114352,-0.0103211009174312,-0.0740343347639485,39296
2016-11-30,"Hot Springs, AR","AR",351,1023,-0.0135004821600771,0.00887573964497041,0.0168986083499006,30915
2016-11-30,"Greenwood, SC","SC",352,1017,-0.00780487804878049,-0.0378429517502365,-0.0504201680672269,6826
2016-11-30,"Sunbury, PA","PA",353,1014,-0.00782778864970646,-0.009765625,0.015015015015015,39488
2016-11-30,"Clarksburg, WV","WV",354,946,0.00424628450106157,-0.00630252100840336,-0.0156087408949011,32442
2016-11-30,"Talladega, AL","AL",355,984,-0.00505561172901921,-0.00505561172901921,-0.016983016983017,24139
2016-11-30,"Dubuque, IA","IA",356,1107,-0.000902527075812274,-0.0186170212765957,-0.0263852242744063,33974
2016-11-30,"Albertville, AL","AL",357,922,-0.00539374325782093,-0.00966702470461869,-0.0304942166140904,33512
2016-11-30,"Manhattan, KS","KS",358,1262,-0.00708103855232101,-0.0186625194401244,-0.00941915227629513,21973
2016-11-30,"Parkersburg, WV","WV",359,876,0.00689655172413793,-0.0363036303630363,-0.0680851063829787,31315
2016-11-30,"New Philadelphia, OH","OH",360,1018,-0.00098135426889107,0.00196850393700787,0.00196850393700787,28051
2016-11-30,"Orangeburg, SC","SC",361,916,0.0143964562569214,0.0121546961325967,-0.0428422152560084,23578
2016-11-30,"Brainerd, MN","MN",362,1265,-0.00784313725490196,-0.00628436763550668,0.0209846650524617,45561
2016-11-30,"Kalispell, MT","MT",363,1459,-0.0128552097428958,-0.0260347129506008,0.174718196457327,20977
2016-11-30,"Sevierville, TN","TN",364,1207,0.0185654008438819,0.0690876882196634,0.0690876882196634,42276
2016-11-30,"Ames, IA","IA",365,1269,0.00714285714285714,0.00395569620253165,-0.101274787535411,22749
2016-11-30,"Bozeman, MT","MT",366,1633,0.00184049079754601,-0.0103030303030303,0.0590142671854734,20560
2016-11-30,"Moses Lake, WA","WA",367,915,-0.0140086206896552,-0.0245202558635394,0.0493119266055046,23959
2016-11-30,"Meadville, PA","PA",368,1039,0.00483558994197292,-0.00574162679425837,-0.0225776105362183,23401
2016-11-30,"Hermiston-Pendleton, OR","OR",369,1139,0.00618374558303887,-0.0112847222222222,0.0714957666980245,20143
2016-11-30,"Zanesville, OH","OH",370,850,0.0167464114832536,0.0278113663845224,0.0378510378510378,28624
2016-11-30,"Corvallis, OR","OR",371,1752,-0.0129577464788732,-0.0293628808864266,0.0689444783404515,22811
2016-11-30,"Bloomsburg, PA","PA",372,1152,0.00173913043478261,0.00173913043478261,0.00523560209424084,24199
2016-11-30,"Russellville, AR","AR",373,878,-0.00340522133938706,-0.0123734533183352,0.00803673938002296,25018
2016-11-30,"Branson, MO","MO",374,937,0.00428724544480171,0.00321199143468951,-0.0477642276422764,21530
2016-11-30,"Midland, MI","MI",375,1069,-0.00372786579683131,-0.0111008325624422,0.00944287063267233,30191
2016-11-30,"Opelousas, LA","LA",376,1101,-0.00631768953068592,-0.0459272097053726,-0.0273851590106007,16268
2016-11-30,"Pocatello, ID","ID",377,905,0.00443951165371809,0.0123042505592841,-0.0362087326943557,22524
2016-11-30,"Kokomo, IN","IN",378,826,-0.0143198090692124,-0.0350467289719626,0.0495552731893266,30625
2016-11-30,"Grants Pass, OR","OR",379,1252,-0.00397772474144789,-0.00949367088607595,0.0538720538720539,13348
2016-11-30,"Huntsville, TX","TX",380,1247,-0.0173364854215918,-0.0429777436684574,-0.02578125,11499
2016-11-30,"Plattsburgh, NY","NY",381,1633,0.0043050430504305,0.0251098556183302,0.00802469135802469,19864
2016-11-30,"Grand Island, NE","NE",382,1150,-0.0111779879621668,-0.0187713310580205,-0.0120274914089347,22577
2016-11-30,"DuBois, PA","PA",383,1023,0.0108695652173913,0.0271084337349398,-0.00872093023255814,23032
2016-11-30,"Manitowoc, WI","WI",384,935,-0.00637619553666312,-0.040041067761807,0.0297356828193833,32128
2016-11-30,"Great Falls, MT","MT",385,1186,-0.0108423686405338,-0.0222588623248145,0.0162810625535561,24850
2016-11-30,"Olean, NY","NY",386,1266,-0.00157728706624606,-0.0170807453416149,-0.0474040632054176,23307
2016-11-30,"Auburn, NY","NY",387,1415,-0.005621925509487,-0.00701754385964912,0.0172537742631201,20270
2016-11-30,"Portsmouth, OH","OH",388,888,0.00566251415628539,0.018348623853211,0.00338983050847458,16948
2016-11-30,"Oak Harbor, WA","WA",389,1555,0.009085009733939,0.0298013245033113,0.0958421423537703,37741
2016-11-30,"Chillicothe, OH","OH",390,992,0.00100908173562059,0.00506585612968592,0.0122448979591837,19432
2016-11-30,"Hinesville, GA","GA",391,1005,0.005,-0.00396432111000991,-0.04739336492891,17253
2016-11-30,"Somerset, PA","PA",392,1009,-0.00394866732477789,-0.00296442687747036,0.0181634712411705,17780
2016-11-30,"Stillwater, OK","OK",393,1124,0.00267618198037466,-0.00618921308576481,0.0465549348230912,15163
2016-11-30,"Quincy, IL","IL",394,1147,-0.015450643776824,-0.0361344537815126,0,22538
2016-11-30,"Keene, NH","NH",395,1395,-0.00570206699928724,-0.0099361249112846,0.0182481751824818,19815
2016-11-30,"Sandusky, OH","OH",396,1082,0.00557620817843866,-0.000923361034164358,-0.0347903657448706,26224
2016-11-30,"Searcy, AR","AR",397,888,0.00338983050847458,0.00794551645856981,-0.00892857142857143,23903
2016-11-30,"Columbus, IN","IN",398,1206,-0.00165562913907285,-0.00577081615828524,0.0477845351867941,28149
2016-11-30,"Roanoke Rapids, NC","NC",399,818,-0.0048661800486618,-0.0144578313253012,-0.0319526627218935,15531
2016-11-30,"Centralia, WA","WA",400,1018,0.0149551345962114,-0.00098135426889107,0.00592885375494071,23970
2016-11-30,"Casper, WY","WY",401,1198,-0.0115511551155116,-0.0346494762288477,-0.112592592592593,24234
2016-11-30,"Helena, MT","MT",402,1236,-0.00161550888529887,0.0024330900243309,-0.0159235668789809,13206
2016-11-30,"Wisconsin Rapids-Marshfield, WI","WI",403,910,0.00663716814159292,-0.00546448087431694,0.015625,23914
2016-11-30,"Palatka, FL","FL",404,1048,-0.0113207547169811,0,-0.0113207547169811,17521
2016-11-30,"Seneca, SC","SC",405,1060,0.00856327307326356,0.0361681329423265,0.0794297352342159,31406
2016-11-30,"Mount Airy, NC","NC",406,941,0.00212992545260916,-0.010515247108307,-0.0318930041152263,12456
2016-11-30,"Key West, FL","FL",407,3185,-0.00156739811912226,-0.0333839150227618,-0.02,31838
2016-11-30,"Gallup, NM","NM",408,1078,-0.00092678405931418,-0.0101010101010101,0.0037243947858473,3492
2016-11-30,"Port Angeles, WA","WA",409,1343,0.0105342362678706,0.00825825825825826,0.0306983883346124,28296
2016-11-30,"Greenfield Town, MA","MA",410,1755,0.0040045766590389,0.00515463917525773,0.0396919431279621,21697
2016-11-30,"Muskogee, OK","OK",411,766,-0.0103359173126615,-0.0229591836734694,-0.0116129032258065,32146
2016-11-30,"Frankfort, KY","KY",412,937,0.00536480686695279,0.00213903743315508,0.00213903743315508,25134
2016-11-30,"Statesboro, GA","GA",413,1030,-0.00579150579150579,-0.017175572519084,-0.0670289855072464,16646
2016-11-30,"Marion, IN","IN",414,750,-0.00133155792276964,-0.0144546649145861,0.00133511348464619,25141
2016-11-30,"North Wilkesboro, NC","NC",415,996,0.00403225806451613,0,0.00606060606060606,17895
2016-11-30,"Richmond, IN","IN",416,794,0.00889453621346887,0.0114649681528662,0.0153452685421995,26832
2016-11-30,"Greeneville, TN","TN",417,808,-0.00858895705521472,0.00123915737298637,0.0507152145643693,41119
2016-11-30,"Martinsville, VA","VA",418,917,-0.0129171151776103,-0.0327004219409283,-0.0746720484359233,23834
2016-11-30,"Forest City, NC","NC",419,904,0.00221729490022173,0.0100558659217877,0.0635294117647059,43758
2016-11-30,"Lake City, FL","FL",420,1080,-0.00460829493087558,-0.0382902938557435,-0.0697674418604651,14326
2016-11-30,"LaGrange, GA","GA",421,878,-0.00340522133938706,-0.00566251415628539,0.0233100233100233,20052
2016-11-30,"Marion, OH","OH",422,832,0.00120336943441637,-0.00359281437125748,-0.00359281437125748,22492
2016-11-30,"Morehead City, NC","NC",423,1228,0.00326797385620915,0.0106995884773663,-0.00967741935483871,30317
2016-11-30,"Klamath Falls, OR","OR",424,926,0.0131291028446389,0.0198237885462555,0.0805134189031505,23476
2016-11-30,"Roswell, NM","NM",425,916,-0.00326441784548422,-0.0213675213675214,-0.0728744939271255,17000
2016-11-30,"Charleston, IL","IL",426,1196,-0.0204750204750205,-0.0416666666666667,-0.00746887966804979,20781
2016-11-30,"Hobbs, NM","NM",427,971,-0.0112016293279022,-0.0182002022244692,-0.039564787339268,24535
2016-11-30,"Clearlake, CA","CA",428,1354,0.0112023898431665,0.030441400304414,0.092816787732042,22003
2016-11-30,"Hutchinson, KS","KS",429,737,-0.010738255033557,-0.0403645833333333,-0.0328083989501312,21481
2016-11-30,"Faribault, MN","MN",430,1335,0.00830815709969789,0.0206422018348624,0.0446009389671361,34126
2016-11-30,"Elizabeth City, NC","NC",431,1067,0,0,-0.0387387387387387,21041
2016-11-30,"Ionia, MI","MI",432,1006,0.00700700700700701,-0.0069101678183613,0.004995004995005,18835
2016-11-30,"Alamogordo, NM","NM",433,849,-0.0116414435389988,-0.0241379310344828,-0.0535117056856187,14603
2016-11-30,"Red Bluff, CA","CA",434,1124,-0.00266193433895297,0.00536672629695885,0.0218181818181818,11769
2016-11-30,"Hudson, NY","NY",435,1527,0.018679119412942,0.0166444740346205,-0.0414312617702448,19962
2016-11-30,"Coos Bay, OR","OR",436,1206,0.00667779632721202,0.0142977291841884,0.139886578449905,21191
2016-11-30,"Walla Walla, WA","WA",437,1228,-0.0040551500405515,-0.0261697065820777,-0.0473235065942591,15730
2016-11-30,"Sayre, PA","PA",438,1105,0.015625,0.015625,-0.0169039145907473,20951
2016-11-30,"Baraboo, WI","WI",439,1156,0.0140350877192982,0.00609225413402959,0.02210433244916,21962
2016-11-30,"Marietta, OH","OH",440,1036,-0.000964320154291225,-0.00766283524904214,-0.0335820895522388,14798
2016-11-30,"Salina, KS","KS",441,842,-0.0023696682464455,-0.0288350634371396,0.0318627450980392,20501
2016-11-30,"Big Stone Gap, VA","VA",442,950,0.00529100529100529,0.0171306209850107,0.0171306209850107,6817
2016-11-30,"Sturgis, MI","MI",443,963,0.0104931794333683,0.00732217573221757,-0.0031055900621118,23017
2016-11-30,"Fremont, OH","OH",444,987,0.00406917599186165,-0.00101214574898785,-0.00604229607250755,17335
2016-11-30,"Mount Vernon, OH","OH",445,1039,0,-0.00383509108341323,-0.0388529139685476,16200
2016-11-30,"Lewiston, ID","ID",446,1218,0.00995024875621891,0.0183946488294314,0.0933572710951526,19625
2016-11-30,"Shelton, WA","WA",447,1136,0.0151921358355675,0.0252707581227437,0.00709219858156028,22604
2016-11-30,"Albemarle, NC","NC",448,1029,0,0.00292397660818713,0.0208333333333333,21104
2016-11-30,"Enid, OK","OK",449,998,-0.00696517412935323,-0.0338818973862536,-0.0784856879039705,17625
2016-11-30,"Jefferson, GA","GA",450,1262,-0.00315955766192733,-0.00708103855232101,-0.0109717868338558,20431
2016-11-30,"Georgetown, SC","SC",451,1436,-0.00069589422407794,0.00489853044086774,0.0512445095168375,20757
2016-11-30,"Batavia, NY","NY",452,1407,-0.00212765957446809,0,0.0136887608069164,15075
2016-11-30,"Oxford, NC","NC",453,1112,0.0018018018018018,0.0036101083032491,0.0201834862385321,16076
2016-11-30,"Columbus, MS","MS",454,1109,-0.00538116591928251,0.00543970988213962,0.0893909626719057,15363
2016-11-30,"Barre, VT","VT",455,1498,0.00536912751677852,0.0107962213225371,0.00672043010752688,18110
2016-11-30,"Kinston, NC","NC",456,863,-0.00461361014994233,-0.0137142857142857,-0.00461361014994233,11500
2016-11-30,"Sterling, IL","IL",457,1097,-0.0152603231597846,-0.0317740511915269,-0.0196604110813226,21351
2016-11-30,"Palestine, TX","TX",458,1160,-0.0076988879384089,-0.0152801358234295,0.0412926391382406,9260
2016-11-30,"Dublin, GA","GA",459,933,0.00214822771213749,0.00864864864864865,0.0230263157894737,14821
2016-11-30,"Vicksburg, MS","MS",460,1014,0.00495540138751239,-0.0278044103547459,-0.0342857142857143,13555
2016-11-30,"Point Pleasant, WV","WV",461,916,0.00881057268722467,-0.00109051254089422,-0.0633946830265849,16786
2016-11-30,"Sanford, NC","NC",462,954,-0.00417536534446764,-0.0225409836065574,-0.0103734439834025,21510
2016-11-30,"Fergus Falls, MN","MN",463,1262,-0.014832162373146,-0.0359052711993888,-0.015600624024961,30167
2016-11-30,"Tiffin, OH","OH",464,933,0.00430570505920344,0.00647249190938511,0.0108342361863489,17409
2016-11-30,"Fairmont, WV","WV",465,883,0.00799086757990868,-0.00897867564534231,-0.0464362850971922,19799
2016-11-30,"Crossville, TN","TN",466,1100,0.00364963503649635,0.00917431192660551,0.0045662100456621,22253
2016-11-30,"Picayune, MS","MS",467,1116,-0.0106382978723404,-0.0253275109170306,-0.0115146147032772,10158
2016-11-30,"Gloversville, NY","NY",468,1398,-0.0120141342756184,-0.0463847203274216,0.00865800865800866,15511
2016-11-30,"Sonora, CA","CA",469,1417,0.00425230333097094,0.0283018867924528,0.0646130728775357,20554
2016-11-30,"Carson City, NV","NV",470,1398,0.0021505376344086,0.0196936542669584,0.088785046728972,12976
2016-11-30,"Calhoun, GA","GA",471,1015,0.0039564787339268,-0.00392541707556428,0.024217961654894,16381
2016-11-30,"Milledgeville, GA","GA",472,964,-0.00618556701030928,-0.0233029381965552,-0.0183299389002037,11577
2016-11-30,"Waycross, GA","GA",473,895,0.00336322869955157,0.00674915635545557,-0.00995575221238938,13006
2016-11-30,"Morgan City, LA","LA",474,1138,-0.0240137221269297,-0.0492898913951546,-0.154531946508172,11651
2016-11-30,"Eagle Pass, TX","TX",475,1149,0.005249343832021,0.005249343832021,0.00877963125548727,11736
2016-11-30,"Ontario, OR","OR",476,1100,0.00548446069469835,0.0138248847926267,0.117886178861789,14421
2016-11-30,"Carlsbad, NM","NM",477,1129,-0.0131118881118881,-0.00616197183098592,0.0581068416119963,14482
2016-11-30,"Payson, AZ","AZ",478,1183,-0.000844594594594595,-0.00168776371308017,0.0422907488986784,19630
2016-11-30,"McComb, MS","MS",479,881,-0.0101123595505618,-0.0178372352285396,-0.0243632336655592,9700
2016-11-30,"Rochelle, IL","IL",480,1282,-0.0161166538756715,-0.0368144252441773,-0.0265755504935459,17836
2016-11-30,"Scottsboro, AL","AL",481,921,-0.00324675324675325,-0.016025641025641,-0.0366108786610879,9327
2016-11-30,"Danville, KY","KY",482,894,0.00336700336700337,0.00789177001127396,0.0252293577981651,14426
2016-11-30,"Greenville, OH","OH",483,1009,-0.0117531831537708,-0.0372137404580153,-0.0691881918819188,15147
2016-11-30,"Warrensburg, MO","MO",484,1109,-0.00359389038634322,0.0072661217075386,0.11122244488978,12962
2016-11-30,"Fort Polk South, LA","LA",485,1093,0.0111008325624422,0.00923361034164358,0.0560386473429952,10634
2016-11-30,"Fort Leonard Wood, MO","MO",486,918,-0.00433839479392625,-0.0202774813233725,-0.0955665024630542,9584
2016-11-30,"Glasgow, KY","KY",487,907,0.00777777777777778,0.0191011235955056,0.0295119182746879,13541
2016-11-30,"Athens, TN","TN",488,1026,-0.000973709834469328,0.000975609756097561,0.0512295081967213,18015
2016-11-30,"Edwards, CO","CO",489,4078,0.00122759636631476,0.00492853622474125,0.0358140716281433,15914
2016-11-30,"Fernley, NV","NV",490,1179,0.0146299483648881,0.0369393139841689,0.142441860465116,14678
2016-11-30,"Mason City, IA","IA",491,932,-0.00214132762312634,-0.0230607966457023,-0.0633165829145729,21087
2016-11-30,"Platteville, WI","WI",492,1019,0.00493096646942801,-0.00875486381322957,-0.0341232227488152,12229
2016-11-30,"Boone, NC","NC",493,1274,0.00157232704402516,0,-0.0230061349693252,21800
2016-11-30,"Bartlesville, OK","OK",494,948,-0.00628930817610063,-0.023686920700309,-0.0395136778115502,22059
2016-11-30,"Jacksonville, TX","TX",495,1175,-0.00423728813559322,-0.00843881856540084,0.0262008733624454,8595
2016-11-30,"Elko, NV","NV",496,1364,0.00962250185048113,0.00294117647058824,-0.0676691729323308,8358
2016-11-30,"St. Marys, GA","GA",497,1106,-0.00180505415162455,0.00636942675159236,0.0137488542621448,15902
2016-11-30,"Amsterdam, NY","NY",498,1375,-0.0107913669064748,-0.0262039660056657,-0.014336917562724,11440
2016-11-30,"Enterprise, AL","AL",499,887,-0.00671892497200448,-0.00671892497200448,-0.0348204570184984,20070
2016-11-30,"Kerrville, TX","TX",500,1402,0.00214438884917798,0.00935925125989921,0.0362158167036216,12214
2016-11-30,"New Castle, IN","IN",501,778,0.00257731958762887,-0.00638569604086846,0.0130208333333333,17719
2016-11-30,"Sidney, OH","OH",502,1095,-0.00454545454545455,-0.0135135135135135,-0.00544959128065395,12986
2016-11-30,"Cortland, NY","NY",503,1392,-0.00642398286937901,-0.0127659574468085,0.0182882223847842,10748
2016-11-30,"Clinton, IA","IA",504,979,0.00204708290685773,-0.00910931174089069,-0.055930568948891,18322
2016-11-30,"Del Rio, TX","TX",505,1188,0.0008424599831508,-0.0050251256281407,0.0223752151462995,10118
2016-11-30,"Washington, NC","NC",506,1012,-0.00978473581213307,-0.0259865255052935,-0.0849909584086799,5759
2016-11-30,"Corsicana, TX","TX",507,1232,-0.00404203718674212,0.0181818181818182,0.199610516066212,11769
2016-11-30,"Burlington, IA","IA",508,932,0.00322927879440258,-0.00745473908413206,-0.0431211498973306,15529
2016-11-30,"Cadillac, MI","MI",509,860,0.00116414435389988,-0.020501138952164,-0.0337078651685393,20418
2016-11-30,"Ardmore, OK","OK",510,878,-0.00566251415628539,-0.0189944134078212,-0.0528586839266451,20322
2016-11-30,"Kendallville, IN","IN",511,1026,0.00293255131964809,-0.00484966052376334,0.0280561122244489,14496
2016-11-30,"Nogales, AZ","AZ",512,1007,0.0130784708249497,0.0254582484725051,0.0212981744421907,12380
2016-11-30,"Oxford, MS","MS",513,1300,0.000769822940723634,-0.0262172284644195,-0.0254872563718141,12812
2016-11-30,"Gardnerville Ranchos, NV","NV",514,1774,-0.00224971878515186,0.0125570776255708,0.137908915971777,17321
2016-11-30,"Tahlequah, OK","OK",515,941,-0.00106157112526539,0.0129171151776103,-0.012591815320042,15424
2016-11-30,"Canon City, CO","CO",516,1146,0.00174825174825175,-0.00865051903114187,0.119140625,15249
2016-11-30,"Ruston, LA","LA",517,1279,-0.00078125,-0.0046692607003891,-0.0553914327917282,8503
2016-11-30,"Lewistown, PA","PA",518,1026,-0.00484966052376334,-0.0162991371045062,0.0168483647175421,9608
2016-11-30,"Rockingham, NC","NC",519,813,-0.00367647058823529,-0.0145454545454545,-0.0145454545454545,3263
2016-11-30,"Blytheville, AR","AR",520,792,0.0089171974522293,0.0166880616174583,-0.0198019801980198,8561
2016-11-30,"Red Wing, MN","MN",521,1341,0.00224215246636771,0.00149365197908887,0.00524737631184408,16491
2016-11-30,"Cedar City, UT","UT",522,1056,0.0342801175318315,0.0731707317073171,-0.00564971751412429,11651
2016-11-30,"Bedford, IN","IN",523,840,0.00478468899521531,0.00238663484486874,-0.0129259694477086,16471
2016-11-30,"Newport, OR","OR",524,1297,0.000771604938271605,-0.000770416024653313,-0.0106788710907704,21713
2016-11-30,"Bellefontaine, OH","OH",525,1021,-0.00195503421309873,-0.0106589147286822,-0.0029296875,16543
2016-11-30,"McAlester, OK","OK",526,884,-0.00225733634311512,-0.00896860986547085,-0.0144927536231884,15362
2016-11-30,"Blackfoot, ID","ID",527,969,0.00623052959501558,0.011482254697286,0.0297555791710946,12957
2016-11-30,"Henderson, NC","NC",528,906,-0.0033003300330033,-0.0152173913043478,0.0330672748004561,6928
2016-11-30,"Coldwater, MI","MI",529,971,0.0114583333333333,0.0221052631578947,0.0221052631578947,17827
2016-11-30,"Rolla, MO","MO",530,726,0.00693481276005548,0.00973574408901252,0.00693481276005548,14599
2016-11-30,"Shelbyville, TN","TN",531,1108,0.00544464609800363,0.0127970749542962,0.0916256157635468,14703
2016-11-30,"Duncan, OK","OK",532,779,-0.00383631713554987,-0.0126742712294043,-0.0681818181818182,18263
2016-11-30,"Pullman, WA","WA",533,1288,0.011783189316575,0.0189873417721519,0.0345381526104418,7650
2016-11-30,"Bemidji, MN","MN",534,1226,-0.00728744939271255,-0.0160513643659711,-0.0168404170008019,11908
2016-11-30,"Pahrump, NV","NV",535,1195,-0.00582362728785358,-0.00912106135986733,0.0427574171029668,8332
2016-11-30,"Menomonie, WI","WI",536,1109,0.0072661217075386,0.0127853881278539,0.0684007707129094,13570
2016-11-30,"Rock Springs, WY","WY",537,1333,0.00908402725208176,0.00376506024096386,-0.00596569724086503,11560
2016-11-30,"Bucyrus, OH","OH",538,836,0.00119760479041916,0.00601684717208183,0.027027027027027,15659
2016-11-30,"Bradford, PA","PA",539,986,-0.00404040404040404,-0.0189054726368159,0.013360739979445,13324
2016-11-30,"Bardstown, KY","KY",540,980,0.00409836065573771,0.0103092783505155,0,14969
2016-11-30,"Cornelia, GA","GA",541,1077,0.00842696629213483,0.0189214758751183,0.0610837438423645,21160
2016-11-30,"Muscatine, IA","IA",542,1136,0.00977777777777778,0.00620017714791851,-0.00438212094653812,12014
2016-11-30,"Alma, MI","MI",543,812,0.00995024875621891,0.0112079701120797,-0.0145631067961165,13166
2016-11-30,"Durant, OK","OK",544,926,0.00652173913043478,0.0164654226125137,0.0498866213151927,10998
2016-11-30,"Seymour, IN","IN",545,952,-0.0144927536231884,-0.0205761316872428,-0.0403225806451613,13474
2016-11-30,"Auburn, IN","IN",546,1047,-0.000954198473282443,-0.0131950989632422,0.0264705882352941,11283
2016-11-30,"Paragould, AR","AR",547,902,0.00222222222222222,0,0.0649350649350649,13500
2016-11-30,"Warren, PA","PA",548,1031,-0.00769971126082772,-0.00674373795761079,0.0268924302788845,12170
2016-11-30,"Mountain Home, AR","AR",549,980,-0.00203665987780041,0.0103092783505155,0.047008547008547,14594
2016-11-30,"Cedartown, GA","GA",550,914,0.0066079295154185,0.0110619469026549,0.0144284128745838,14516
2016-11-30,"Port Clinton, OH","OH",551,1224,-0.00163132137030995,-0.000816326530612245,0.0016366612111293,17904
2016-11-30,"El Campo, TX","TX",552,1282,0,-0.00155763239875389,0.0158478605388273,12190
2016-11-30,"Montrose, CO","CO",553,1165,0.0112847222222222,0.0246262093227792,0.015693112467306,13202
2016-11-30,"Ellensburg, WA","WA",554,1429,0.0077574047954866,0.031024531024531,0.0407865986890022,14776
2016-11-30,"Sandpoint, ID","ID",555,1299,0.00541795665634675,0.0244479495268139,0.0656275635767022,15835
2016-11-30,"Alice, TX","TX",556,1113,0.0027027027027027,0.000899280575539568,-0.00447227191413238,5707
2016-11-30,"Celina, OH","OH",557,1097,-0.00543970988213962,-0.0266193433895297,-0.0711261642675699,11274
2016-11-30,"Garden City, KS","KS",558,1065,0.00093984962406015,-0.000938086303939962,0.00188146754468485,9197
2016-11-30,"Marshalltown, IA","IA",559,942,-0.00422832980972516,-0.0248447204968944,-0.0278637770897833,16212
2016-11-30,"Cullowhee, NC","NC",560,1207,-0.000827814569536424,-0.0179007323026851,0.00751252086811352,17355
2016-11-30,"Espanola, NM","NM",561,1139,0.00264084507042254,0.00352422907488987,-0.0155574762316335,1039
2016-11-30,"Tifton, GA","GA",562,1022,0.00988142292490119,0.0159045725646123,0.00888450148075025,8836
2016-11-30,"Urbana, OH","OH",563,1033,-0.00193236714975845,-0.0124282982791587,-0.0114832535885167,11395
2016-11-30,"Okeechobee, FL","FL",564,1258,0.00318979266347687,0.00399042298483639,0.067911714770798,7799
2016-11-30,"Selinsgrove, PA","PA",565,1200,0.0025062656641604,-0.004149377593361,0.00334448160535117,9422
2016-11-30,"Natchitoches, LA","LA",566,1189,0.0016849199663016,-0.0116375727348296,0.00422297297297297,7677
2016-11-30,"Berlin, NH","NH",567,1209,0.00582362728785358,0.021978021978022,0.0951086956521739,15847
2016-11-30,"Lock Haven, PA","PA",568,876,0,-0.0244988864142539,-0.04052573932092,10125
2016-11-30,"Sikeston, MO","MO",569,756,-0.00132100396301189,-0.0130548302872063,-0.0369426751592357,9895
2016-11-30,"Clewiston, FL","FL",570,1242,0.00566801619433198,0.0155355682747343,0.078125,6196
2016-11-30,"Pittsburg, KS","KS",571,673,0.0259146341463415,0.046656298600311,-0.110964332892999,12746
2016-11-30,"Logansport, IN","IN",572,761,0,-0.00652741514360313,0.0214765100671141,12444
2016-11-30,"Pontiac, IL","IL",573,1145,0.0035056967572305,0.00792253521126761,-0.00607638888888889,12388
2016-11-30,"Mount Vernon, IL","IL",574,1062,-0.0028169014084507,-0.0274725274725275,-0.0139275766016713,11930
2016-11-30,"Houghton, MI","MI",575,873,-0.00342465753424658,-0.0289210233592881,-0.00569476082004556,18832
2016-11-30,"Sault Ste. Marie, MI","MI",576,883,-0.0111982082866741,-0.0360262008733624,-0.017797552836485,15438
2016-11-30,"Gainesville, TX","TX",577,1303,0,-0.00306044376434583,0.0357710651828299,11466
2016-11-30,"Kill Devil Hills, NC","NC",578,1434,0.00561009817671809,0.00349895031490553,0.00420168067226891,13976
2016-11-30,"Crawfordsville, IN","IN",579,982,0.00408997955010225,0.00511770726714432,0.0271966527196653,16176
2016-11-30,"Brownwood, TX","TX",580,926,0.00542888165038002,0.00216450216450216,-0.00537056928034372,14012
2016-11-30,"Stephenville, TX","TX",581,1279,0,-0.00698757763975155,0.00947119179163378,7216
2016-11-30,"Easton, MD","MD",582,1567,0.0148963730569948,0.0432756324900133,-0.0655933214072749,18252
2016-11-30,"North Platte, NE","NE",583,1181,-0.00756302521008403,0,0.00596252129471891,10837
2016-11-30,"Newberry, SC","SC",584,998,-0.002997002997003,-0.0109018830525273,-0.0291828793774319,18394
2016-11-30,"Ada, OK","OK",585,881,0.00341685649202733,0.0161476355247982,-0.0101123595505618,11354
2016-11-30,"Moscow, ID","ID",586,1253,0.00642570281124498,0.028735632183908,0.0991228070175439,9226
2016-11-30,"Safford, AZ","AZ",587,1041,0.00289017341040462,0.000961538461538462,0.00579710144927536,6926
2016-11-30,"Murray, KY","KY",588,1015,0.00594648166501487,0.0231854838709677,0.00794438927507448,7351
2016-11-30,"Huntington, IN","IN",589,886,0,-0.0188261351052049,0.0137299771167048,13263
2016-11-30,"Escanaba, MI","MI",590,885,-0.00561797752808989,-0.0274725274725275,-0.00449943757030371,23322
2016-11-30,"Astoria, OR","OR",591,1489,0.00472334682860999,-0.00201072386058981,0.0485915492957747,15981
2016-11-30,"Peru, IN","IN",592,768,-0.00130039011703511,0,0.0294906166219839,11213
2016-11-30,"Coshocton, OH","OH",593,912,-0.00218818380743982,-0.00327868852459016,-0.0140540540540541,8949
2016-11-30,"Newton, IA","IA",594,1083,0.00185013876040703,-0.00914913083257091,-0.021680216802168,12665
2016-11-30,"Fremont, NE","NE",595,1124,-0.00706713780918728,-0.0191972076788831,0.0236794171220401,10954
2016-11-30,"Hutchinson, MN","MN",596,1223,-0.0032599837000815,-0.0073051948051948,0.0065843621399177,11870
2016-11-30,"Batesville, AR","AR",597,856,0.00469483568075117,-0.00349243306169965,0.00587544065804935,8668
2016-11-30,"Owatonna, MN","MN",598,1268,-0.000788022064617809,0.00794912559618442,0.0119712689545092,13829
2016-11-30,"Vidalia, GA","GA",599,970,-0.00102986611740474,-0.00410677618069815,0.0264550264550265,7294
2016-11-30,"Laramie, WY","WY",600,1214,-0.0193861066235864,-0.00491803278688525,0.00247729149463253,10472
2016-11-30,"Plainview, TX","TX",601,909,-0.0140997830802603,-0.0481675392670157,-0.118331716779825,9715
2016-11-30,"Big Spring, TX","TX",602,1065,-0.00652985074626866,-0.0211397058823529,-0.0834767641996557,10043
2016-11-30,"Laurinburg, NC","NC",603,827,0,0.00364077669902913,0.0311720698254364,6011
2016-11-30,"Dixon, IL","IL",604,1144,-0.0163370593293207,-0.0402684563758389,-0.0482529118136439,12216
2016-11-30,"Alexandria, MN","MN",605,1305,-0.0150943396226415,-0.0224719101123596,0.01953125,12950
2016-11-30,"De Ridder, LA","LA",606,1188,-0.00168067226890756,-0.00917431192660551,0.0384615384615385,8323
2016-11-30,"Lebanon, MO","MO",607,785,0,-0.0150564617314931,-0.0654761904761905,9429
2016-11-30,"Coffeyville, KS","KS",608,660,-0.0178571428571429,-0.032258064516129,-0.0611664295874822,12378
2016-11-30,"Seneca Falls, NY","NY",609,1360,-0.00220102714600147,-0.0072992700729927,-0.00657414170927684,9199
2016-11-30,"Sulphur Springs, TX","TX",610,1335,0.000749625187406297,-0.00964391691394659,-0.0140324963072378,7865
2016-11-30,"Martin, TN","TN",611,852,-0.00467289719626168,-0.0161662817551963,-0.0161662817551963,12019
2016-11-30,"Susanville, CA","CA",612,1237,0.00243111831442464,0.00732899022801303,0.0599828620394173,8931
2016-11-30,"Arcadia, FL","FL",613,1241,0.0064882400648824,0.0163800163800164,0.0716753022452504,5954
2016-11-30,"Junction City, KS","KS",614,1094,-0.00545454545454545,-0.0232142857142857,-0.0720949957591179,9386
2016-11-30,"Butte, MT","MT",615,840,0.00478468899521531,0.023142509135201,0.0268948655256724,11251
2016-11-30,"Angola, IN","IN",616,1133,0.00354295837023915,0.00088339222614841,0.0510204081632653,13192
2016-11-30,"Dodge City, KS","KS",617,842,-0.00941176470588235,-0.0675526024363234,-0.156312625250501,8308
2016-11-30,"Brenham, TX","TX",618,1426,0.00140449438202247,-0.000700770847932726,0.00351864883884588,8511
2016-11-30,"Emporia, KS","KS",619,794,-0.00125786163522013,0.00633713561470215,-0.00873907615480649,9753
2016-11-30,"Jackson, OH","OH",620,889,0.00679501698754247,0.016,0.00338600451467269,5662
2016-11-30,"Frankfort, IN","IN",621,895,0.00448933782267116,0.00336322869955157,0.0566706021251476,11926
2016-11-30,"Taos, NM","NM",622,1245,-0.00875796178343949,0.00646725949878739,0.042713567839196,13711
2016-11-30,"Malvern, AR","AR",623,865,-0.0102974828375286,-0.0313549832026876,0.0273159144893112,8289
2016-11-30,"Troy, AL","AL",624,1003,-0.00298210735586481,-0.0127952755905512,0.046972860125261,5817
2016-11-30,"Cambridge, MD","MD",625,1304,0.00153609831029186,-0.0121212121212121,-0.0143613000755858,19894
2016-11-30,"Kingsville, TX","TX",626,1123,0,0.00357462019660411,0.00178412132024978,6367
2016-11-30,"Madison, IN","IN",627,891,0.00791855203619909,-0.0110987791342952,-0.0187224669603524,9256
2016-11-30,"Hastings, NE","NE",628,1124,-0.00706713780918728,-0.00706713780918728,0.0017825311942959,8400
2016-11-30,"Albert Lea, MN","MN",629,1112,0.0036101083032491,0.00907441016333938,0.0702598652550529,12668
2016-11-30,"Lincoln, IL","IL",630,1004,-0.00986193293885602,-0.0223953261927945,-0.0428979980934223,8754
2016-11-30,"Jesup, GA","GA",631,983,0,0.0010183299389002,-0.0110663983903421,6551
2016-11-30,"Alpena, MI","MI",632,864,-0.00460829493087558,-0.0136986301369863,-0.0136986301369863,16649
2016-11-30,"Silver City, NM","NM",633,1013,0.0150300601202405,0.0273833671399594,0.0160481444332999,8217
2016-11-30,"Las Vegas, NM","NM",634,1081,-0.00551977920883165,-0.0252479711451758,0.0178907721280603,1139
2016-11-30,"Washington Court House, OH","OH",635,956,0.00314795383001049,0.0105708245243129,0,7966
2016-11-30,"Van Wert, OH","OH",636,901,-0.00441988950276243,-0.0109769484083425,0.00445930880713489,8913
2016-11-30,"Ludington, MI","MI",637,973,0.00309278350515464,-0.0191532258064516,0.0156576200417537,16104
2016-11-30,"Hays, KS","KS",638,1175,-0.00169923534409516,0.000851788756388416,0.0500446827524576,8251
2016-11-30,"Great Bend, KS","KS",639,738,-0.00806451612903226,-0.0302233902759527,-0.0146862483311081,9494
2016-11-30,"Weatherford, OK","OK",640,996,-0.0069790628115653,-0.0386100386100386,-0.108325872873769,8669
2016-11-30,"Grants, NM","NM",641,984,-0.0070635721493441,-0.0179640718562874,0.00101729399796541,4110
2016-11-30,"Thomaston, GA","GA",642,859,-0.00463499420625724,-0.00578703703703704,0.0117785630153121,8996
2016-11-30,"Mountain Home, ID","ID",643,928,0.00760043431053203,0.00869565217391304,-0.0200633579725449,9777
2016-11-30,"Altus, OK","OK",644,750,-0.00133155792276964,-0.00793650793650794,-0.0421455938697318,9275
2016-11-30,"Boone, IA","IA",645,1097,-0.000910746812386157,-0.0161434977578475,-0.00272727272727273,9952
2016-11-30,"Toccoa, GA","GA",646,965,0.00730688935281837,0.00520833333333333,0.0287846481876333,8172
2016-11-30,"Ottawa, KS","KS",647,923,0.00217155266015201,0.00764192139737991,0.0278396436525612,7222
2016-11-30,"Marshall, MN","MN",648,1151,-0.00518582541054451,-0.0262267343485618,-0.031959629941127,8116
2016-11-30,"La Grande, OR","OR",649,1258,0.00720576461168935,0.00559552358113509,0.0779777206512425,6922
2016-11-30,"Greensburg, IN","IN",650,983,-0.00506072874493927,-0.0228628230616302,-0.0209163346613546,8491
2016-11-30,"Mexico, MO","MO",651,850,0.00354191263282172,0.00354191263282172,0.00117785630153121,7923
2016-11-30,"Moberly, MO","MO",652,815,0.00122850122850123,-0.00366748166259169,-0.00488400488400488,6813
2016-11-30,"The Dalles, OR","OR",653,1325,0.0239567233384853,0.0384012539184953,0.0540970564836913,7827
2016-11-30,"Deming, NM","NM",654,856,-0.00465116279069767,-0.0338600451467269,-0.0316742081447964,5302
2016-11-30,"Fallon, NV","NV",655,1173,-0.000851788756388416,-0.00339847068819031,0.0771349862258953,5416
2016-11-30,"Fredericksburg, TX","TX",656,1749,0.00114481969089868,-0.00228180262407302,0.0246045694200351,5580
2016-11-30,"Campbellsville, KY","KY",657,893,0.00224466891133558,0.00790067720090293,0.0359628770301624,6971
2016-11-30,"Connersville, IN","IN",658,728,0,-0.00546448087431694,0.00275482093663912,8292
2016-11-30,"Steamboat Springs, CO","CO",659,3056,0.013262599469496,0.0458590006844627,0.110868774990912,10016
2016-11-30,"Cordele, GA","GA",660,898,0,-0.00663716814159292,-0.00443458980044346,4906
2016-11-30,"Wahpeton, MN","MN",661,898,0.0192962542565267,-0.00553709856035437,-0.0312837108953614,8589
2016-11-30,"Sterling, CO","CO",662,1207,0.00583333333333333,-0.010655737704918,-0.0162999185004075,5225
2016-11-30,"Pampa, TX","TX",663,1011,-0.00979431929480901,-0.0343839541547278,-0.0834088848594741,6162
2016-11-30,"Brookings, OR","OR",664,1429,0,-0.00901525658807212,0.0744360902255639,7606
2016-11-30,"Hood River, OR","OR",665,1714,0.0172106824925816,0.0300480769230769,0.0800252047889099,6855
2016-11-30,"Beatrice, NE","NE",666,1077,0.00372786579683131,0.0169971671388102,0.0631786771964462,6467
2016-11-30,"Elk City, OK","OK",667,909,-0.00438116100766703,-0.0319488817891374,-0.118331716779825,6618
2016-11-30,"Dumas, TX","TX",668,1079,-0.00827205882352941,-0.0181983621474067,0.000927643784786642,5283
2016-11-30,"Price, UT","UT",669,875,-0.00681044267877412,-0.0352811466372657,-0.253412969283276,7223
2016-11-30,"Worthington, MN","MN",670,1083,-0.0073327222731439,-0.0347593582887701,-0.0398936170212766,5570
2016-11-30,"Prineville, OR","OR",671,1347,0.00223214285714286,0.0143072289156627,0.105004101722724,7145
2016-11-30,"Woodward, OK","OK",672,897,0.0112739571589628,-0.00443951165371809,-0.0685358255451713,6918
2016-11-30,"Othello, WA","WA",673,1164,0.00431406384814495,0.00605012964563526,0.043010752688172,3276
2016-11-30,"Los Alamos, NM","NM",674,1410,0.0129310344827586,0.0173160173160173,0.00570613409415121,6746
2016-11-30,"Atchison, KS","KS",675,822,-0.00363636363636364,-0.0132052821128451,0.00858895705521472,6397
2016-11-30,"Snyder, TX","TX",676,993,0.00506072874493927,0.00506072874493927,-0.00401203610832497,4810
2016-11-30,"Fairfield, IA","IA",677,1042,-0.00191570881226054,-0.0123222748815166,0.000960614793467819,3914
2016-11-30,"Winnemucca, NV","NV",678,1193,-0.000837520938023451,-0.00334168755221387,0.0240343347639485,2397
2016-11-30,"Sweetwater, TX","TX",679,971,-0.0132113821138211,-0.0480392156862745,-0.0942164179104478,5335
2016-11-30,"Andrews, TX","TX",680,1310,-0.00682335102350265,-0.0187265917602996,-0.0165165165165165,3738
2016-11-30,"Craig, CO","CO",681,1242,0.00323101777059774,0.0008058017727639,0.0255986787778695,4063
2016-11-30,"Pecos, TX","TX",682,965,-0.00720164609053498,-0.0311244979919679,-0.0791984732824427,2366
2016-11-30,"Vernon, TX","TX",683,1013,-0.0126705653021443,-0.0488262910798122,-0.0824275362318841,4059
