"RegionName","SizeRank","2010-01","2010-02","2010-03","2010-04","2010-05","2010-06","2010-07","2010-08","2010-09","2010-10","2010-11","2010-12","2011-01","2011-02","2011-03","2011-04","2011-05","2011-06","2011-07","2011-08","2011-09","2011-10","2011-11","2011-12","2012-01","2012-02","2012-03","2012-04","2012-05","2012-06","2012-07","2012-08","2012-09","2012-10","2012-11","2012-12","2013-01","2013-02","2013-03","2013-04","2013-05","2013-06","2013-07","2013-08","2013-09","2013-10","2013-11","2013-12","2014-01","2014-02","2014-03","2014-04","2014-05","2014-06","2014-07","2014-08","2014-09","2014-10","2014-11","2014-12","2015-01","2015-02","2015-03","2015-04","2015-05","2015-06","2015-07","2015-08","2015-09","2015-10","2015-11","2015-12","2016-01","2016-02","2016-03","2016-04","2016-05","2016-06","2016-07","2016-08","2016-09","2016-10"
"United States",0,,,,,,,,,,,,,,,,,,,,,,,,179000,168983.5,179900,179900,179000,179000,174975,174000,169990,169000,170000,189000,190000,189995,198990,195000,199000,199900,199900,199900,2e+05,2e+05,209000,216040,210000,204000,210000,219000,214900,215000,219000,215900,214900,215900,214900,214900,210000,209900,213990,215000,215000,223000,230000,226000,224900,220000,219900,217500,214000,218000,219000,224900,225000,229000,229950,229900,229900,235000,234999
"New York, NY",1,489999,488000,495000,489000,489000,485000,486700.5,489000,489900,486800.5,480000,479000,476000,475000,479000,479000,479000,479000,479000,479000,479000,475000,475000,475000,469000,475000,469900,469945,475000,469000,469250,475000,469999.5,469000,485000,489000,489000,499000,499000,499000,499000,499000,499000,5e+05,510000,519000,525000,529000,529000,529000,529000,529999,549000,550000,559000,565000,569000,559000,554900,550000,550000,549000,549000,569000,580000,584900,590000,599000,6e+05,619000,639000,639000,649000,649000,649000,675000,675000,689000,685000,678999.5,675000,679000
"Los Angeles-Long Beach-Anaheim, CA",2,,,,,,,,,,,,,,,,,,,,,,,,,,,,,,,,,,,439888,447600,450500,469900,474900,499000,511995,525000,555000,565000,575000,589000,575000,596000,570990,575000,575000,599000,610000,625000,644000,649000,639000,639000,625900,629000,638000,649000,649900,679000,695000,698000,699000,709900,7e+05,7e+05,720000,706212.5,7e+05,719900,735000,738944,753444,775000,779000,775000,795000,785000
"Chicago, IL",3,,,,,,,,,,,,,,,,,,,,,,,,,,,,,,,,,,,,,,,,,,,,,,,159900,155000,150000,159000,165000,159945,168000,179000,179700,179900,185000,184700,174900,165000,159900,160400,170000,180000,190000,194700,190000,199000,190000,199000,190000,185000,185000,184970,194900,209000,205000,2e+05,199940,199900,2e+05,199900
"Dallas-Fort Worth, TX",4,,,,,,,,,,,,,,,,,,,,,,,,,,,,,,,,,,,,,,150000,155000,159900,158250,159900,160000,162500,152500,156500,147900,148500,145250,160000,160000,160000,169000,158900,154900,159000,150000,149000,144250,159900,168500,169950,169950,180000,180000,179000,178000,175000,175500,175000,179900,187950,175000,179900,190000,194500,199900,208825,220000,215000,212450,220000
"Philadelphia, PA",5,,,,,,,,,,,,,,,,,,,,,,,,189900,184900,189900,187000,189900,188945,199000,209000,199000,189900,194500,189900,189900,179900,189000,189900,194900,199900,199900,198000,194900,199945,2e+05,199990,199990,199900,199000,199900,199990,205000,204990,199999,199900,199800,199945,199900,199900,198000,209900,210000,214990,199900,199994,199900,199900,199900,196250,189900,194999.5,195000,198500,190000,2e+05,204900,199000,2e+05,199999,204900,205000
"Houston, TX",6,,,,,,,,,,,,,,,,,,,,,,,,,,,,,,,,,,,,,,,,,,,,,,,,,,,,,,,,,,,,,,,,,,249900,249450,249000,254950,247000,239900,249700,259000,249000,240000,255000,269000,269000,299000,284999,290000,299000
"Washington, DC",7,,,,,,,,,,,,,,,,,,,,,,,,,,,,,,,,,,,340990,345990,346492.5,343990,349990,359900,357890,359990,359146,369740,374990,365095,359990,370302.5,375000,380690,375000,383000,395000,384990,395000,379945,389900,398195,377035,375000,369990,369990,373000,384945,397100,394990,365495,387990,399990,399900,394995,408495,389999,407990,424950,454590,440000,469995,474990,499000,504990,5e+05
"Miami-Fort Lauderdale, FL",8,,,,,,,,,,,,,,,,,,,,,,,,,,,,,,,,,,,,,,,,,,,,,,,,280000,249000,250000,249945,248000,249500,250000,250000,250000,260000,257450,249000,255925,256000,269000,275000,279000,269000,270000,279900,285000,295000,299000,314900,310000,316000,312000,3e+05,329000,339950,335000,349800,349900,373500,379900
"Boston, MA",9,320000,325000,329900,349000,349900,349900,349900,342900,339900,339000,334900,324900,319000,301900,299900,299900,329000,335375,329900,329900,325000,3e+05,309900,299900,299900,301950,319900,335000,339000,349250,339900,339000,329900,329997.5,339900,339000,336995,339900,350000,364387.5,375000,395000,389900,389000,389900,392497.5,383300,374950,369900,384900,389900,399900,409999.5,409999.5,409900,399999,409000,419000,414900,399900,399900,399900,424900,439900,444900,449000,449900,439900,445000,449000,439000,429900,419900,419000,435000,449900,459000,469900,479000,469900,469900,475000
"San Francisco, CA",10,,,,,,,,,,,,,,,,,,,,,,,,,,,,,,,,,,,,,,,,,,,,,,,,699000,751990,794000,795000,799000,799000,799000,799000,789000,799000,879500,898500,887500,849000,814500,867000,864500,925000,899000,879300,899000,949000,997000,995000,899000,895000,966000,1050000,1100000,1145000,1100000,1095000,1075000,1100000,1196500
"Detroit, MI",11,,,,,,,,,,,,,,,,,,,,,,,,,,,,,,,,,,,,,,,,,,,,,,,,,,,,,,,,,,,,,,,,,133950,129450,125000,139000,145000,129900,120000,119900,118450,119900,119900,120000,122500,125450,145900,145900,150000,149950
"Riverside, CA",12,,,,,,,,,,,,,,,,,,,,,,,,,,,,,,,,,,,239990,244900,250000,275000,289900,299000,299900,299900,299000,299000,299000,289950,279000,290000,289900,290000,289999.5,298750,310000,319000,299900,322400,305000,325000,324900,319900,324925,328944,315000,310000,320000,323450,323995,349875,345000,338950,342450,329000,334200,339700,349900,351950,354000,350000,350000,344900,350000,360000
"Phoenix, AZ",13,,,,,,,,,,,,,,,,,,,,,,,,,,,,,,,,,,,,,,,139900,140000,145000,156000,160000,164900,167000,164900,159994.5,169000,165000,165000,169175,169900,169900,168450,165000,165000,169000,165400,159900,160000,164000,165450,169900,174250,175000,180249.5,179900,189400,215000,220000,219500,216000,215000,210000,220000,210000,229900,235000,230000,229000,231700,237000
"Seattle, WA",14,,,,,,,,,,,,,,,,,,,,,,,,,,,,,,,,,,,299000,295900,3e+05,309800,309950,337000,349950,359950,375000,370000,370000,349995,320000,329475,329950,329000,329950,329950,329925,349950,375000,360000,350000,350000,350000,349992.5,352475,350000,360000,369925,4e+05,425000,409475,399950,399950,384950,394750,399900,389975,392000,419950,415000,429500,449000,453000,449950,437700,449975
"Minneapolis-St Paul, MN",15,,,,,,,,,,,,,,,,,,,,,,,,,,,,,,,,,,,,,,169945,179900,180997.5,179900,179995,179900,170000,178650,179900,172000,169950,164900,165000,179900,170000,189900,189900,189900,189900,189900,189932.5,195000,180550,185000,186000,194900,197450,199900,209900,204950,212500,214000,204900,203900,199990,202900,2e+05,199900,213900,214800,217575,209900,210000,215000,215267
"San Diego, CA",16,,,,,,,,,,,,,,,,,,,,,,,,,,,,,,,,,,,,,,,,,,,,,,,,,,,,,,,,,,,,578950,617000,647000,681500,690000,7e+05,650000,725000,735000,675000,685000,696500,696500,699000,695000,775000,749000,762450,799000,825000,810000,810000,787000
"St. Louis, MO",17,,,,,,,,,,,,,,109900,110000,109250,110000,110000,109900,100500,99900,94450,96500,94900,98500,90000,89900,89900,89900,96500,97000,89900,89900,95000,99900,99900,99900,99900,108000,109500,114700,110000,109900,109900,108875,109900,104500,99900,99000,1e+05,106000,104500,108900,102500,1e+05,104900,99900,104000,105000,1e+05,1e+05,105000,105000,105000,104900,1e+05,1e+05,1e+05,1e+05,99900,99000,95900,99900,97900,102500,99950,103500,104900,1e+05,1e+05,99949.5,105500
"Tampa, FL",18,,,,,,,,,,,,,,,,,,,,,,,,,,,,,,,,,,,137800,141490,139990,147650,145040,150000,150499.5,150999,150000,144995,149970,150000,149900,149900,159945,153957.5,159000,160990,159900,159900,169900,179000,179945,179000,179900,179000,178490,194950,179990,179990,169250,175532.5,171469,185000,184950,190000,195000,194990,199900,199862.5,197032.5,207495,189000,189000,199000,199900,220000,229000
"Baltimore, MD",19,,,,,,,,,,,,,,,,,,,,,,,,,,,,,,,,,,,292490,292990,297032,292990,299990,312990,312490,318423.5,299990,295107.5,297990,309175,292990,308990,319990,310689.5,314900,321990,311990,325480,328100,333710,348253.5,337532,335152,334990,335099,327324,318854,322276.5,323540,325030.5,317451.5,330490,333876,324950,317490,322995,329845,314240,313990,324990,314490,324990,335812.5,346400,331100,338213
"Pittsburgh, PA",20,,,,,,,,,,,,,,,,,,,,,,,,90000,89850,89900,89900,89450,89900,89900,85450,89900,90000,89900,89900,89900,89900,91000,98900,99500,99900,99900,99500,99250,99900,96900,94900,90000,97000,95000,95000,106900,105000,110000,105000,111900,109900,121900,110000,109900,110000,117450,117450,114900,119000,120000,118950,118900,119000,117500,114000,105000,99950,105000,104900,109888,109888,110000,114900,118000,110000,109900
"Charlotte, NC",21,,,,,,,,,,,,,,,,,,,,,,,,,,,,,,,,,,,143900,143020,142100,143355,146825,145000,146990,148900,149900,149950,151900,145450,145000,152150,152400,152900,149900,152650,149950,146695,139900,149900,135000,125000,138000,149700,139250,139500,139500,144500,170200,154950,157450,152500,166400,149900,146400,129900,145400,142950,139900,142950,159900,149900,159900,170000,198500,185000
"Sacramento, CA",22,,,,,,,,,,,,,,,,,,,,,,,,,,,,,,,,,,,,,,,,,,,,,,298500,275000,299000,292450,3e+05,329450,339900,349950,349925,349900,345000,358250,360000,345000,319888,329000,325000,341745,349900,350000,359900,375000,375000,379950,375000,375000,375000,379450,377500,360000,390000,399000,417000,409454.5,399900,399900,399000
"Orlando, FL",23,,,,,,,,,,,,,,,,,,,,,,,,,,,,,,,,,,,144990,149900,155990,165990,159945,157990,160240,163640,163640,167427.5,163870,167459,153385,156295,157907,158990,158702.5,160082.5,158490,149900,158990,171760,185000,183890,186750,184995,190738,192783,196999,190571,184990,183440,194900,218949.5,199990,222720,215494.5,224620,242990,237190,242873,241490,229990,220000,189500,180450,195000,219945
"Cincinnati, OH",24,,,,,,,,,,,,,,,,,,,,,,,,106950,99500,99900,99000,110900,99000,104900,99123,103200,99000,99900,105000,109000,103200,103750,104900,109900,113900,109900,111000,112900,110000,109900,109900,110000,109250,106450,107000,114900,110950,109900,111950,109900,114900,115000,119900,114000,114500,115450,110000,114250,115000,115000,117500,117500,114900,114900,115000,115000,114900,104900,99900,99900,1e+05,104900,105000,99900,1e+05,99900
"Cleveland, OH",25,49900,55000,54900,59900,59900,62450,59900,59900,59900,59900,59900,57500,55000,59250,54900,49000,49900,49900,49900,50000,52450,49900,56250,50000,54900,54900,55000,57500,55000,53900,54900,59900,55000,55000,55000,56900,55000,55000,59900,59900,64900,68900,67900,65000,64900,65500,69900,68500,65100,69000,70000,68900,69900,74499,74900,71500,69000,65650,65000,64900,64900,62950,62500,64950,64900,65000,68900,65000,68000,65000,59999.5,59900,59900,59900,64000,65000,67818,65500,67900,66000,67500,65950
"Kansas City, MO",26,,,,,,,,,,,,,,,,,,,,,,,,120000,115000,124900,125000,125000,124900,118500,115000,114975,113749,114900,115000,111100,114950,114975,114000,114900,117500,115000,114900,110000,110000,110000,114899.5,110000,109999.5,109475,112000,115000,115000,119900,124900,124500,120000,119000,118250,114850,113100,112000,120000,123500,119975,125000,120000,119900,120000,123500,123000,120000,125000,127250,129700,129700,132900,128000,129900,130000,138250,135000
"Las Vegas, NV",27,,,,,,,,,,,,,,,,,,,,,,,,,,,,,,,,,,,,,,,,,,,,,,,,,175000,178000,179000,180000,185000,186500,188000,190000,195000,194950,189945,194750,199000,195045,193500,189000,169000,160000,182000,182500,189900,195444,184900,192500,190000,189900,189700,199000,195000,199000,207950,210000,215000,215000
"Columbus, OH",28,,,,,,,,,,,,,,,,,,,,,,,,,,,,,,,,,,,,,,,,,,,,,,,,94950,89900,97900,99900,109000,109000,95000,89900,89900,89900,88000,88000,88000,83311.5,82500,84400,88450,89900,89950,96000,97000,99450,96600,96600,95000,89900,89000,84900,85000,85900,89900,93950,99838.5,104900,99997
"Indianapolis, IN",29,,,,,,,,,,,,,,,,,,,,,,,,,,,,,,,,,,,65000,74900,75000,74900,75000,69950,71250,74900,74900,74900,74500,72950,69900,69900,69900,69950,69900,75000,85733,84900,75000,75000,74900,70000,70000,69900,69900,69900,69900,76000,76000,70000,69000,69900,69900,66450,59900,59900,59900,60000,64900,65000,69900,74600,75000,78999,78449.5,74900
"San Jose, CA",30,,,,,,,,,,,,,,,,,,,,,,,,,,,,,,,,,,,,,,799000,799000,763399.5,752085.5,729875,727475,725000,725000,709990,650000,675000,695000,728970,728250,725000,762440,757500,768940,764880,721343,734975,696500,799950,831410,869671,799000,813495,829673.5,833495,854000,880360,950000,889000,899000,845000,903980,933822,944500,939990,943995,966762.5,990267.5,998500,999000,970790
"Virginia Beach, VA",31,,,,,,,,,,,,,,,,,,,,,,,,,,,,,,,,,,,167490,168990,169950,170000,175000,177000,179445,171000,172000,178800,180000,180000,190000,195700,189000,195000,203077.5,199900,199000,195000,194750,199900,189900,189450,184900,176000,180000,190000,199950,197950,189000,2e+05,2e+05,195000,2e+05,199000,179900,199000,190000,179500,175000,179000,179000,179000,190000,198450,195250,183500
"Providence, RI",32,199900,199750,195000,189900,189900,189900,189900,187500,185000,179900,179900,177450,175000,174900,169900,169900,175000,169900,169900,168000,164900,159900,159900,159000,159500,159700,159900,159900,159900,164900,164500,159900,159900,159900,160000,159900,159900,159900,160000,169900,172250,175000,175000,177900,179000,179900,179900,179900,179900,179900,179900,189000,189900,199900,195000,189900,189900,189900,189900,189900,189000,189900,189900,189900,194900,194900,199000,199000,199900,199900,199900,199000,195250,199000,199775,199900,2e+05,210000,209000,204500,208500,209900
"Milwaukee, WI",33,,,,,,,,,,,,,,,,,,,,,,,,,,,,,,,,,,,,,,,,,,,,,,,,,,,,,99500,113000,114900,115450,119900,116000,99900,89900,89900,85000,89450,94900,105900,104900,110000,109900,109900,98300,96350,95000,94900,89999,94900,105000,111900,119900,119900,119900,124900,124900
"Memphis, TN",34,,,,,,,,,,,,,,,,,,,,,,,,,,,,,,,,,,,,,,,,,,,,,,,,,,,,,,,60000,62250,60000,49450,43500,41000,39000,39250,43500,49500,49950,47500,49235.5,49225,45000,48500,42700,42000,39700,40000,40000,45000,49475,50000,55000,60000,65000,70000
"Louisville-Jefferson County, KY",35,,,,,,,,,,,,,,,,,,,,,,,,,,,,,,,,,,,,,,,,,,,,,,,,,144900,144900,144900,145000,153950,152900,145000,157700,152450,152450,149950,153850,149900,148950,158825,159975,149925,159000,165000,160000,159900,159000,154900,159000,159900,157000,154950,156000,140000,148500,140000,139950,148500,149500
"Hartford, CT",36,190000,194900,190000,189999,194900,195000,190000,190000,189900,189900,189900,187900,184900,181000,179900,179999,180000,184900,180000,179900,179900,179000,179900,179000,175000,174450,175000,179900,179900,179900,179888,179000,174950,169900,169900,169900,169000,167249.5,169900,174900,175000,179900,179900,179900,179900,179900,179900,175000,174500,179000,179000,179900,184900,185000,187900,179949.5,179900,179900,179900,179900,179900,179900,179900,175000,179900,179900,179900,179900,179900,175000,174900,170949.5,169900,169900,174900,179900,179900,180000,180000,179900,179900,179900
"Buffalo, NY",37,,,,,,,,,,,,,,,,,,,,,,,,68950,69900,69900,69900,69900,69900,69900,73900,75900,74900,72500,69900,69500,69900,69900,69900,78000,74900,78000,74900,74900,74000,70000,69900,69900,69000,75000,73900,74900,74950,79900,82200,85000,85000,89450,84900,78400,78900,84999,86462,84900,85000,88450,89000,79925,81400,79000,74900,71450,70000,69900,75000,77000,79900,89900,85000,80000,83000,79900
"Raleigh, NC",38,,,,,,,,,,,,,,,,,,,,,,,,,,,,,,,,,,,189990,179945,178990,179900,189990,195990,189445,189490,195790,197027.5,192990,196915,205445,218945,214990,216990,207000,208245,214900,229450,249395,251680,258990,261377.5,261480,267905,277990,273695,282950,280102.5,289990,287950,291255.5,294620,298240,299990,299990,296831.5,302945,304990,309995,322375,318990,321510,302990,319490,324990,327870.5
"Rochester, NY",39,,,,,,,,,,,,,,,,,,,,,,,,73950,72900,73500,75000,70250,74900,74900,74900,74900,74900,69925,69925,69900,59900,64000,59900,65000,69000,69900,69900,69500,72500,69900,74900,79900,74900,73000,79900,79900,79900,84900,85000,79900,69900,69900,78500,72900,69900,72950,72000,79900,79900,74999.5,77400,75750,75250,74900,74900,72253.5,75000,72900,65000,64900,73950,74900,73950,74900,74900,77750
"Grand Rapids, MI",40,,,,,,,,,,,,,,,,,,,,,,,117750,116550,115000,104900,114450,113450,124450,124900,124900,125000,124900,127000,127000,127000,124500,127000,127000,129000,127000,129900,129900,129999,129999,130000,119000,119000,137400,138900,129900,129900,129900,129450,130000,124900,125000,129900,123900,129900,124950,123900,129900,137450,142200,139900,135000,139900,149900,149900,159999,164900,159999,158949.5,159499.5,161500,168900,159900,164900,162449.5,159999,158949.5
"Tucson, AZ",41,,,,,,,,,,,,,,,,,,,,,,,,,,,,,,,,,,,139900,140320,132475,132475,129900,140000,143657,159900,158600,149900,159900,159000,159900,177000,187000,185500,179900,179000,180000,179700,182400,185500,194833.5,175000,174900,164950,164900,169000,165000,171250,177000,168500,159000,156900,155000,159900,159900,159450,159450,155000,159900,155000,159900,159200,170000,161997.5,155000,165250
"Tulsa, OK",42,,,,,,,,,,,,,,,,,,,,,,,,,,,,,,,,,,,,,,,,,,,,,,,,,,,126500,127450,129250,136900,154900,154900,150000,146500,134500,119949.5,119900,125900,142500,130000,130000,140000,130000,142500,146250,142500,137500,130000,129000,130000,129750,130000,129500,125450,127500,125000,114950,119900
"Fresno, CA",43,,,,,,,,,,,,,,,,,,,,,,,,,,,,,,,,,,,,,,,,,,,,,,,,,,227000,233250,243700,249950,245000,229700,215000,215000,234750,219900,199900,229900,220000,229950,230000,229475,229475,220000,219900,226500,229000,249900,249950,249900,249950,249950,249975,265000,280000,295000,275000,3e+05,3e+05
"Worcester, MA",44,180000,183450,184950,189000,179900,179900,179000,179000,179450,178500,179000,169000,166800,159900,158750,159000,164900,169500,169900,165000,164950,162900,159900,155450,159800,155000,150000,155000,159900,161000,159900,161000,160000,165450,169000,159900,156000,158500,159900,165000,170000,175000,176500,179900,179900,176750,179900,175000,169900,176950,179900,179900,182450,180000,179900,179500,179000,175000,175000,171500,170000,174900,170000,179900,190000,194450,194000,194900,192000,192500,189900,189000,179900,184900,184900,191000,199000,209650,209850,199900,199999,209700
"Stamford, CT",45,239900,249000,247000,239900,225000,229000,222450,214900,224900,224900,219950,215000,225000,215000,224900,230000,249900,250000,250000,249900,232250,232250,230000,224900,215000,225000,239997,250000,249995,249900,249947.5,229000,265000,261500,279450,269900,257000,265000,275000,277000,276950,289900,294947.5,299900,278900,279900,272995,269900,285000,288950,295000,295000,309947.5,299900,299000,278900,269450,269000,275000,278950,274995,276950,290000,278900,289500,298000,289950,3e+05,293500,284900,272000,275000,259250,265000,289900,299900,314000,339900,340000,325000,316450,309900
"Albany, NY",46,119900,120000,120000,119900,119900,117000,115000,114200,114900,114900,115000,114900,114200,114000,114900,110000,115000,115000,119000,119000,117900,104900,119000,113400,110000,112000,114950,115000,119500,119900,119900,123100,119900,119900,119900,115000,116400,119900,119000,119900,120000,127900,125000,124900,124900,119900,119900,119900,119900,119900,119900,124900,129900,129900,129900,129000,125000,124900,123850,120500,119900,123100,124900,124900,132000,135000,135382,129900,129000,124999.5,119450,119000,114900,109000,109000,109900,115000,119900,124900,119900,121867,119900
"Omaha, NE",47,,,,,,,,,,,,,,,,,,,,,,,,,,,,,,,,,,,159000,159000,155000,152500,155000,150000,150000,149000,129900,135000,141250,134950,130000,129975,129900,129925,134475,121000,124950,125000,125000,123500,120000,135000,125000,130000,125000,139000,140000,137500,150000,140000,159000,164500,157000,150000,152500,147200,149975,149975,145000,146000,149987,142000,135900,149000,147000,150000
"New Haven, CT",48,174850,179900,179900,179000,179450,174900,169900,169900,169900,169900,165000,159000,159000,150000,156700,159000,159500,159900,159700,159900,160000,149950,159000,159900,159000,158200,155900,159900,160000,159900,159000,159900,159000,152450,154900,149900,149000,149900,149900,149900,159900,159900,165000,160000,164900,160000,159900,159900,159000,159000,164950,174900,179900,179900,184900,179900,179900,179000,174999,169900,169990,169900,169900,179900,179987.5,189900,184900,179900,179900,184700,177950,173900,179000,179900,184900,189000,189900,189800,189000,186000,185000,185000
"Bakersfield, CA",49,,,,,,,,,,,,,,,,,,,,,,,,,,,,,,,,,,,,,,,,,,,,,,169000,177900,194000,192450,180000,189000,189900,189000,189950,189000,189495,189495,189000,179900,179900,176950,179450,177000,187450,182500,185000,185000,189000,185000,187000,185000,182500,199000,185700,199900,197950,189444,187500,195495,189995,199900,195000
"Knoxville, TN",50,114500,119450,127900,129900,130000,130000,139900,139900,134900,129900,129900,130000,129900,129900,129900,139000,134900,130400,145000,129900,129900,129900,129900,129900,127900,149900,150000,124900,142450,142450,137400,138500,129900,138500,114950,128900,129900,129900,129900,129900,134900,136950,139950,137450,134900,134950,135000,142400,159450,159900,162000,159900,160000,165000,165000,149250,149000,139500,147000,142200,129825,120000,120000,120000,127200,124900,126100,125000,139900,139900,139900,137450,139900,139900,117500,129900,122500,133700,138700,149000,149900,140000
"Greenville, SC",51,,,,,,,,,,,,,,,,,,,,,,,,,,,,,,,,,,,138900,148745,149100,148900,139400,143000,146250,143950,138000,139525,139900,142450,144950,155000,145000,150000,154900,155000,159900,159000,154950,149500,154900,159000,151900,139950,140000,149695,149695,149900,149950,132445,149900,153950,139900,124950,104500,1e+05,109000,119900,127990,124900,139750,151400,147900,138450,139900,138450
"Ventura, CA",52,,,,,,,,,,,,,,,,,,,,,,,,,,,,,,,,,,,,,,,,,,,,,,479900,449450,494900,511950,527500,576450,577900,575000,524450,544000,544500,549500,524250,597000,599000,629900,629900,614900,614900,649999,649500,685250,699000,707000,718500,687000,595000,605000,605000,677000,670000,677000,642500,634500,598950,588500,597000
"El Paso, TX",53,,,,,,,,,,,,,,,,,,,,,,,,,,,,,,,,,,,149000,148500,150000,164950,163075,160000,164900,159000,167500,160000,159999.5,149950,150000,149700,141500,149900,146250,154500,156200,150000,149950,148950,142995,143900,155000,143972.5,139995,129950,134900,130000,142450,151497.5,159900,152995,139250,139500,134950,125990,119900,119950,139950,139900,140000,165000,159450,152500,139500,139900
"Dayton, OH",54,,,,,,,,,,,,,,,,,,,,,,,,,,,,,,,,,,,69900,69900,69999,69900,69999,69900,63500,61000,68000,72250,75000,69900,67944,64900,68000,69900,79900,69900,68000,69900,68000,76000,73500,64900,61900,63400,64950,68250,65000,64900,67777,67777,67500,67777,69900,74000,69900,69900,74200,73500,70000,69900,75450,75900,79900,76500,70950,75900
"Akron, OH",55,,,,,,,,,,,,,,84999,87500,78450,79000,79000,79500,82000,79900,77000,89950,89900,94000,94500,85450,85000,74999,84900,87500,84950,76000,69900,77450,74200,74575,75000,75000,75000,82900,82450,83500,84450,85000,89900,94900,94900,89950,89700,104900,94900,89000,89250,89900,85900,84850,84850,75000,75000,74950,74000,74450,78200,79900,81700,83700,84900,84900,89900,84900,84000,79900,74900,73000,78949.5,89350,81000,82900,85000,89000,79900
"North Port-Sarasota-Bradenton, FL",56,,,,,,,,,,,,,,,,,,,,,,,,,,,,,,,,,,,,,,,,,,,,,,,,,,,,,,224000,249250,249990,239000,249900,242427.5,249450,249900,241865,243552.5,249900,242405,249700,238990,248015,247445,244990,259990,257490,249990,269000,278950,274400,265995,272450,282000,279900,289990,293345
"Little Rock, AR",57,,,,,,,,,,,,,,,,,,,,,,,,,,,,,,,,,,,107500,110250,109900,112000,112000,120375,122000,115000,111450,118000,112250,99900,99900,99900,92500,98000,98000,108000,112000,113450,114900,1e+05,113450,111000,110000,108900,109400,112000,124950,126950,142500,149500,145000,130500,129000,124900,120000,119000,119900,119900,104500,109900,117000,112500,109900,109900,125000,115000
"Stockton, CA",58,,,,,,,,,,,,,,,,,,,,,,,,,,,,,,,,,,,,,,,,,,,,,,,,,,,,,,,269950,257000,243975,235000,235000,235000,210000,209975,222500,240000,240000,249900,269000,274950,259900,251500,254997.5,250000,253000,265000,289950,286500,287000,275000,270000,275000,299000,299999
"Syracuse, NY",59,,,,,,,,,,,,,,,,,,,,,,,,74900,69990,72000,69900,69900,69900,72500,69900,69900,69900,69900,69900,69900,69900,68500,65900,64900,69900,74900,69900,74700,74900,79900,79900,79450,77900,79900,79900,85000,85000,85000,84900,84388.5,84777,82000,85777,79900,77500,77500,79900,81450,79900,79949.5,79900,75950,74900,75000,74900,72450,69900,69450,69900,70500,72200,72700,72700,72250,75000,76900
"Winston-Salem, NC",60,,,,,,,,,,,,,,,,,,,,,,,,,,,,,,,,,,,,,,,,,,,,,,,,,,,86900,86950,84900,86000,94900,99900,94900,103000,103000,104205,104140,106285,106137.5,106980,107780,101000,101000,101000,110450,119850,129500,119850,120000,115000,127900,122000,119450,119000,124399,124199.5,122750,126500
"Springfield, MA",61,169900,169900,169900,165000,165000,164900,169900,160000,160000,164900,164900,150000,149800,149850,149900,142950,149900,154450,154900,150000,149000,141000,140000,140000,140000,137000,139900,139900,140000,149000,148000,145000,139000,139000,139000,139000,135000,149900,149900,156000,159900,165000,159300,159900,165000,159999.5,159900,155950,154900,151450,150000,159900,169000,169900,165950,166000,168900,156500,159900,155950,149999.5,149900,149900,155000,164900,166450,160750,160000,159000,159900,159900,155000,149900,149900,155000,159900,159950,159900,159900,159900,159900,165000
"Fort Myers, FL",62,,,,,,,,,,,,,,,,,,,,,,,,,,,,,,,,,,,,,,,,,,,,,,,,,,,,196450,175420,187500,180495,186025.5,184990,185000,180000,179900,179900,165000,174900,169000,168450,172500,171990,184900,180000,171400,180000,181250,180000,189000,190000,189000,190000,190000,199900,199700,2e+05,211450
"Toledo, OH",63,,,,,,,,,,,,,,,,,,,,,,,,,,,,,,,,,,,47900,49900,44500,44000,44900,49900,55500,59825,59500,59750,59900,59900,66000,59900,59900,59700,59800,59900,54900,59900,64700,59423.5,59900,62000,57847,59900,64950,63950,65000,65000,64950,69000,69250,69500,65000,67750,74200,74900,63950,67750,69900,74900,74900,77950,82900,73000,69000,67900
"Madison, WI",64,189900,209450,209000,199500,2e+05,199950,207900,215000,213720,199900,199900,199900,199900,199900,199900,216500,219000,219000,225000,225000,225900,225000,229000,225000,219000,216950,229450,224900,224900,219450,229000,216950,214900,214900,214900,214900,209900,209000,2e+05,210000,210000,214900,219950,220000,224900,224900,229000,229000,228500,229450,242400,249900,236400,239900,247400,239900,229900,224900,224900,229900,229900,239450,235000,239900,249900,249900,252000,254450,254000,239900,254900,274950,247400,244900,237400,246950,262450,262450,259900,257450,250000,259950
"Lakeland, FL",65,,,,,,,,,,,,,,,,,,,,,,,,,,,,,,,,,,,,,,,,,,,,,,,,,,,,,,,,,,,,,,,,,,,,,,,97000,95000,109450,112395,104500,109935,125000,115000,108450,115000,119900,134000
"Des Moines, IA",66,,,,,,,,,,,,,,,,,,,,,,,,,,,,,,,,,,,,,,,,,,,,,,,,,,,,,,,,,,,,,,,,,,135000,135000,135000,139450,139900,135450,135450,139000,139000,139950,134944,139000,139200,139000,139990,140000,144450
"Youngstown, OH",67,77200,69900,73200,79950,78900,78000,79900,79900,79900,79900,78000,78000,74900,74900,74900,69900,71900,75000,79900,80000,81900,80950,88000,90000,89450,84950,79450,76950,75000,75000,74900,75950,74900,75500,79000,84950,82400,79000,79900,79900,84950,87900,90950,88450,85450,79900,84000,74950,76900,75000,85000,82000,82000,74900,69900,69900,65900,62000,68247.5,60000,66247.5,59900,68700,69200,69900,69900,69950,69900,77500,77000,83900,85000,85000,85000,79900,79900,80000,84300,84600,84600,83650,80900
"Scranton, PA",68,119500,119000,114450,110000,112499,110000,107777,99900,1e+05,99900,99900,99000,91500,99900,99900,99000,99900,105000,1e+05,1e+05,1e+05,99900,99900,99900,98950,94500,98500,99000,95000,95000,92000,92500,90000,89900,92250,90000,89900,92500,89900,94900,95000,94500,94900,92500,94900,91000,95000,99000,99000,99000,99000,95000,95000,98750,98750,99850,99000,96400,97500,94900,90000,94900,90000,91000,94700,94700,94900,89900,90000,89900,88950,84900,82000,79900,80000,83900,85000,85000,87000,87000,81900,84900
"Harrisburg, PA",69,,,,,,,,,,,,,,,154900,146950,139900,154990,159900,159900,149900,149900,149990,152490,144900,142400,149900,159900,159900,159900,162510,163990,159900,159900,159900,159900,159900,157000,159945,164900,159990,161445,158490,162900,166490,165745,149900,159900,169900,172490,171990,168990,168990,166450,168990,149900,158500,154950,155000,149900,139900,144950,143400,149000,169990,162950,175995,168990,176990,159000,168990,164900,164900,164900,144900,149900,129900,124900,125000,119450,117000,119450
"Chattanooga, TN",70,99900,107190,103000,99900,99900,99900,97900,96000,94900,93000,92500,93000,91250,89200,86000,85000,84900,85000,85000,85000,84500,79950,89900,95900,98945,95000,95450,89947.5,89900,89900,89995,90000,91500,90000,93000,93000,90000,90000,90000,89900,93000,89000,90000,93900,93900,93450,96700,94500,94250,92500,91000,89750,93750,93500,94947.5,93450,93450,94900,86000,92000,93500,98900,89900,98900,96333,90000,86700,88000,89900,84900,99000,94450,89450,89000,93450,92400,95900,96000,99500,99900,95000,96000
"Spokane, WA",71,,,,,,,,,,,,,,,,,,,,,,,,,,,,,,,,,,,159900,155000,155000,164925,179450,189900,178700,178700,184995,179000,179900,177000,174000,169475,165000,166000,169000,169000,179900,169700,175000,174950,170000,167000,169500,169900,179900,189500,184500,179000,169900,179000,185000,184900,179000,174900,179000,195000,191500,189000,185000,184900,189900,187000,185000,186000,189900,190000
"Lancaster, PA",72,,,,,,,,,,,,,,,,,,,,,,,,,,,,,,,,,,,164900,164900,174400,179000,169900,172000,172697.5,175000,170000,166450,168000,169900,169900,169900,169999,174495,169900,159900,159900,150000,150000,159900,169900,169900,169900,184900,175000,175000,177500,175000,169900,169900,172900,174900,189900,189900,187450,184900,182400,196950,190000,199900,190000,190000,189900,179900,175000,172500
"Modesto, CA",73,,,,,,,,,,,,,,,,,,,,,,,,,,,,,,,,,,,,,,,,,,,,,,199900,209900,220000,229450,229450,225000,220500,237500,229999.5,230000,230000,249000,231000,237000,239000,257000,280000,235000,235000,249000,259000,265000,249475,258450,249925,255000,255000,279900,264900,275000,259000,254500,255000,250000,256250,285000,285000
"Portland, ME",74,249900,249900,256900,253900,249900,251250,249900,249900,249000,240000,244900,237000,229000,229000,235500,239000,239900,249000,244200,239900,239000,230000,239900,229000,229000,234000,229900,239900,240000,232950,234900,234900,235000,234900,229000,224900,218000,219950,229000,235000,239900,240000,249900,248900,240000,239900,249900,239866,231000,236000,239000,245000,249000,250000,250000,249900,249900,249900,249900,249000,246000,249949.5,249372,249900,249900,249900,250000,249900,249900,249900,249900,255500,259900,259500,259000,269000,266500,272500,275000,274000,275000,275000
"Santa Rosa, CA",75,,,,,,,,,,,,,,,,,,,,,,,,,,,,,,,,,,,,,,,,,,,,,,,,,,572000,540000,549000,575000,610000,610000,599000,549500,589000,584950,586975,649000,614475,642500,682000,685000,649750,650000,655000,699000,690000,675000,685000,637000,627000,612000,629000,650000,699000,669950,699000,699000,695000
"Fayetteville, AR",76,152500,149900,148400,143900,145000,145000,139900,139900,138400,138900,139900,139900,135000,139450,144900,135000,135000,135000,135000,135000,138750,135000,135900,135000,135000,135000,139450,142250,149900,147900,140950,149000,139900,139900,148300,148300,165250,146950,144900,144450,160000,149500,158000,164950,169900,145000,158000,135700,145000,145000,148800,150000,160000,169900,163749.5,165000,165000,163000,164500,166700,164700,175950,177000,179600,157950,170000,168200,165000,169000,175000,169000,174700,169000,165000,168000,179000,172300,174500,179900,210000,225000,210000
"Corpus Christi, TX",77,,,,,,,,,,,,,,,,,,,,,,,,,,,,,,,,,,,,,,,,,,,,,,,,,,,,,,183000,189900,189950,178000,175000,175000,166500,166000,171500,192450,166000,189000,195000,2e+05,2e+05,219900,209900,2e+05,174000,149900,164700,193750,185250,2e+05,209900,210000,209900,210000,217000
"Reno, NV",78,,,,,,,,,,,,,,,,,,,,,,,,,,,,,,,,,,,,,,,,,,,,,,,,,,,,,,269450,255000,250000,250000,250000,265000,254500,260000,270000,275000,292500,284450,3e+05,3e+05,3e+05,3e+05,319700,319900,325000,329000,337000,339000,299900,314500,329000,317450,348000,338500,359000
"Asheville, NC",79,,,,,,,,,,,,,,,,,,,,,,,,348500,339900,320000,309000,275000,309000,350000,367500,349500,339450,346000,343000,349500,339447.5,349000,349000,352500,344500,368950,359000,367450,329000,309000,304450,295000,299900,319000,320000,354500,325000,320000,329000,310000,350000,350000,337000,330000,360000,377000,355000,377000,379000,349950,349000,342400,349995,349000,350000,371055.5,352500,365000,379000,384000,384900,350000,380000,375000,409999,399250
"Fort Wayne, IN",80,,,,,,,,,,,,,,,,,,,,,,,,,,,,,,,,,,,,,,,,,,,,,,,,,,,,,,,,,,,,,,,,59775,59900,59737.5,59900,59000,57950,59900,59775,54950,55900,58800,59944,59944,65000,63900,59500,55500,55250,54250
"Reading, PA",81,,,,,,,,,,,,,,,,,,,,,,,,149900,145000,149900,154900,139900,136000,159900,159900,144900,131000,135000,129900,132950,124900,143900,149900,144900,139900,143900,149900,139947.5,139995,139900,139900,139900,145000,134950,123000,118400,124000,127450,134950,140000,139950,141000,139900,139900,139900,139950,142500,156000,159900,150000,157400,149950,149900,149900,144500,139900,139900,140000,139900,149900,143700,149900,149900,134700,136200,133500
"Killeen, TX",82,,,,,,,,,,,,,,,,,,,,,,,,,,,,,,,,,,,,139950,145000,145000,138000,132000,130750,150500,145000,144950,154900,153000,139900,137500,149700,145000,140000,139900,154000,149995,147900,145000,145000,149900,135000,140000,149900,155500,154000,152450,145900,144900,145900,140000,140000,140000,135950,127950,125000,135000,137450,147950,150900,149500,142200,149500,152990,151495
"Canton, OH",83,,,,,,,,,,,,,,,,,,,,,,,,,,,,,,,69700,74900,69900,77200,79900,79900,69900,72450,79900,79900,89900,89900,95000,95000,89900,89900,93000,89500,82000,87750,84900,79900,89900,89900,89900,90000,94900,94950,95000,99000,93950,96000,97750,99900,95000,89900,87500,79900,89200,89950,89900,92500,95500,98000,99000,93900,93900,99000,99700,98000,90000,89900
"Manchester, NH",84,214900,209900,205950,209900,214900,209900,210000,214900,214900,207000,209450,219450,209900,197450,190000,189950,194900,194900,193900,199450,189000,167000,189900,189900,180000,185000,189900,192200,180000,197000,199500,197500,196400,195800,194000,195000,209000,209000,210000,225000,216900,219000,219900,229900,233700,229900,237250,242450,235000,230000,229900,230000,232450,229900,229900,229900,229900,225000,225000,222450,225000,220000,219900,224900,229900,229900,228450,228900,223450,225000,219900,219900,225000,219900,225000,228850,228950,226500,229900,239900,239900,239950
"Salem, OR",85,,,,,,,,,,,,,,,,,,,,,,,,280000,277500,295000,277500,275000,256500,239900,229900,225000,210000,224999.5,250000,250000,250000,264900,264900,269900,269550,265000,274950,289900,289000,282500,259900,292450,295000,295000,264950,279900,289000,260000,254950,265000,245000,247499.5,235000,237000,233250,232500,229900,255000,235500,229950,233700,234900,234900,242400,227000,230000,245449.5,239000,239900,259000,274900,312400,315000,296500,315000,315000
"Anchorage, AK",86,,,,,,,,,,,,,,,,,,,,,,,,,,,,,,,,,,,352450,340000,340000,349950,344500,339900,339900,338000,339450,345000,349900,359450,334900,358500,365000,365000,360000,346950,345000,347000,344900,349999.5,359000,350000,350000,327950,371000,375500,410820,399839.5,399680,399680,379000,387000,369450,379950,385000,389950,428820,425000,438500,442500,450000,444950,449900,439900,447950,449900
"Peoria, IL",87,,,,,,,,,,,,,,,,,,,,,,,,,,,,,,,,,,,,,,,,,,,,,,,44900,51500,50000,50000,52500,52500,51900,51500,49900,50750,51500,51500,50000,49950,50000,48000,52500,52500,46700,48000,51500,52500,54500,55000,55000,54900,51900,51500,50000,52000,50000,50000,52000,54000,54000,54500
"Gulfport, MS",88,,,,,,,,,,,,,,,,,,,,,,,,,,,,,,,,,,,,,,,,,,,,,,,,,,,,,,,,,,,149900,146450,133750,138950,135000,131250,129500,129500,132500,127250,132500,136500,140000,141000,137500,133000,130000,125000,131500,135500,137500,144400,139000,142500
"Fayetteville, NC",89,,,,,,,,,,,,,,,,,,,,,,,,,,,,,,,,,,,,,,,,,,,,,,,,101500,1e+05,98500,99500,1e+05,1e+05,115000,115000,115000,115000,125950,130000,125000,125000,126500,130000,127000,130000,140000,135000,130000,126500,123250,120000,119900,119950,119950,117000,106500,117000,107000,115000,115000,115000,108500
"Rockford, IL",90,,,,,,,,,,,,,,,,,,,,,,,,,,,,,,,,,,59995,64900,65900,63900,64400,69950,74900,75000,84900,76000,72500,70000,74900,74950,69900,59999,59950,64000,70000,78000,78000,79900,75000,72250,75000,62450,59900,60000,69900,69900,76500,79000,75000,78000,74500,69900,69900,69900,65000,69450,69900,69000,69900,76880,74900,71900,70000,74000,69900
"Savannah, GA",91,,,,,,,,,,,,,,,,,,,,,,,,204450,199450,199900,199900,232400,234900,239900,237912.5,237450,229700,226900,235000,232500,229500,229500,244450,244000,249500,249750,250000,277450,272450,259950,219500,225000,230000,237000,246500,257450,255000,260000,249900,249900,249000,245000,249450,245000,237250,249950,265833.5,250000,259000,255000,249900,254500,265000,249900,235000,249000,247450,259000,269900,299000,299900,319500,299900,305000,319950,309500
"Naples, FL",92,,,,,,,,,,,,,,,,,,,,,,,,,,,,,,,,,,,,,,,,,,,,,,,,,,,,,,,,,354000,354900,365000,373750,364700,359000,348500,339950,324900,300742.5,330000,349000,359000,349900,359000,349000,334500,349000,329000,325900,314900,319000,292000,310000,319000,334950
"Green Bay, WI",93,,,,,,,,,,,,,,,,,,,,,,,,,,,,,,,,,,,,,129900,122500,129900,148850,129900,129900,137700,137500,121950,129900,130000,132500,139500,138700,137900,139900,142400,139900,139500,138700,138700,136450,134900,135000,135000,139900,149900,149900,149900,155950,157450,159900,159900,149900,159650,147400,159900,157400,154900,158700,149900,149900,149900,158900,158450,149900
"Lincoln, NE",94,,,,,,,,,,,,,,,,,,,,,,,,,,,,,,,,,,,165000,175000,174900,148000,149000,152450,141500,129900,128000,124400,120000,120000,127000,127000,127750,127000,126000,117000,117450,117950,124900,129950,126500,128000,128500,125900,139000,131250,137400,127450,129900,140950,144500,133900,124950,130000,129900,125000,129450,119850,122250,120000,112500,119900,128950,133950,124500,118500
"Utica, NY",95,59900,59900,59900,59900,63750,69500,66250,69000,69000,68250,69900,69900,69900,62500,64900,64900,65000,69900,69900,69900,74900,74900,75500,72700,72500,69900,69900,79000,79900,79000,76000,74900,74900,74000,74900,69900,69900,69900,69900,69900,69900,74900,70000,75500,74900,71450,69900,70000,74500,69900,69000,69900,69000,68000,65000,65000,65000,65000,65000,65000,65000,69000,68000,68000,69000,69000,69900,69900,69900,69900,69900,69900,69700,68000,68450,72000,72000,69900,69900,69900,69900,69900
"Erie, PA",96,67450,69000,69250,69900,70900,70000,70000,70000,69000,68000,68900,69500,70000,74900,67925,68900,68950,69900,68900,69000,67700,69900,66000,64900,65000,69000,65900,65900,64450,65000,64900,65000,65000,69450,67000,65000,65450,68000,66000,69250,67000,70000,69700,69500,69500,67000,67000,72450,70950,70000,69000,69900,70000,70250,74900,78800,72750,74900,69900,69900,69900,69000,68900,69900,69900,75000,79900,71000,74900,67700,65000,65000,64950,67800,64900,65000,67500,69900,69900,67450,69900,69900
"Duluth, MN",97,,,,,,,,,,,,,,,,,107700,116400,107700,99000,97000,93500,109500,119000,119900,115000,119900,109900,119900,119900,109900,109900,109450,109900,114950,109000,109900,101600,106000,99900,99900,98500,99900,99900,101000,1e+05,102000,102000,94900,105000,1e+05,101650,101650,105250,105500,117400,109900,113000,114000,109900,114000,122400,134450,119900,139000,144900,149000,140700,134900,125000,114450,114900,112900,112950,116000,112950,112000,109900,123400,129400,134900,126000
"New London, CT",98,199200,219450,219900,219450,199900,189900,189950,185000,185000,185000,185000,185000,185000,179900,177000,175000,179900,183400,179900,179900,169900,161950,169700,165000,165000,164900,164900,164950,168000,165000,164000,164999,162700,162900,169900,163000,159900,159900,163500,168900,174950,169900,168000,169900,171500,173950,169950,168450,159900,159900,158700,159900,168900,179000,175000,169947.5,164900,164900,164900,160099,159900,159900,159900,159950,159900,164900,168000,164900,159000,155000,154900,149900,154900,149999,154950,159000,169900,169000,169900,169000,162400,164900
"San Luis Obispo, CA",99,,,,,,,,,,,,,,,,,,,,,,,,,,,,,,,,,,,,,,,,,,,,,,,,,,,,,,,,,,,,,,,,,,,,,,725000,729000,739000,725000,762000,789000,742500,725000,725000,775000,789000,834000,895000
"Clarksville, TN",100,,,,,,,,,,,,,,,,,,,,,,,,,,,,,,,,,,,,,,,,,,,,,,,,,,,,,,,,,,,,,,,,,,,,,,,159900,159900,159900,158900,158900,158900,154900,154900,154900,154900,154900,154900
"Wilmington, NC",101,,,,,,,,,,,,,,,,,,,,,,,,,,,,,,,,,,,,,,,,,,,,,,,,,,,,,,,,,,,,,,,,,,,269900,279900,274450,267450,284335,255000,237500,235500,242500,249000,249450,259900,259900,259900,269500,259900
"Lynchburg, VA",102,,,,,,,,,,,,,,,,,,,,,,,,,,,,,,,,,,,,,,,,,,,,,,138900,139900,129900,129900,129900,129900,127400,132450,139900,149450,149450,148900,129900,129900,129900,129000,126900,129900,129000,129900,139900,139900,136900,131450,131450,129000,114900,120999,112900,104900,109900,120999,108900,116450,120000,120000,128925
"Binghamton, NY",103,84950,85000,85000,85000,81000,79900,79900,79900,79900,80000,79999,82950,84700,84900,84700,79900,82000,84700,80000,82950,80000,82950,80000,80000,79900,79900,79900,79900,79900,79900,79900,79900,79900,79900,79950,79900,83900,79900,79900,80000,82000,82450,82250,80000,80000,80000,79900,79950,80000,80000,75000,78749.5,79900,80000,84500,83900,83800,79949.5,83999,83949.5,79999.5,82500,79999.5,79900,79950,83999.5,80000,79900,79900,79900,79900,83000,79900,79900,84900,84900,84950,84900,84900,80000,81250,79900
"Bremerton, WA",104,,,,,,,,,,,,,,,,,,,,,,,,,,,,,,,,,,,,,,,,,,,,,,,,,,,,215000,204950,227000,229000,229000,202499.5,234000,240000,239500,239950,239000,222500,222500,214500,220000,214500,220000,231250,237500,230000,230000,230000,225000,245000,245450,240000,240000,254975,242950,254475,255000
"Topeka, KS",105,,,,,,,,,,,,,,,,,,,,,,,,,,,,,,,,,,,,,,,,,,,,,,,,,,,,,,,,,,,,,,,,102400,104900,101700,101700,105500,99900,99450,95450,79900,83900,94900,94900,98900,99000,99200,96950,101000,110450,111700
"Sioux Falls, SD",106,,,,,,,,,,,,,,,,,,,,,,,,,,,,,,,,,,,,,,,,,,,,,,,,,,,,,,,,,,,,,,,,,,,,,230000,224900,221900,224900,221900,219900,219900,219900,223400,224900,224900,224900,224900,219900
"Chico, CA",107,,,,,,,,,,,,,,,,,,,,,,,,,,,,,,,,,,,,,,,,,,,,,,,,,,,,,,,,,,,,,,,,301980,301980,325000,319000,329000,329000,305000,313000,299500,299000,319950,315100,325000,327500,295900,299000,344000,305000,310000
"Claremont, NH",108,199450,199450,196950,185700,194900,202500,194000,174500,169000,170000,169000,162500,169000,189000,188500,187450,198500,189450,182900,189900,189900,189000,185000,189900,189900,195000,189950,189000,192500,189450,179000,179900,179450,174500,175000,170000,179000,179900,178500,185000,179000,185000,187000,189900,193000,195500,189950,190000,189000,195500,189500,187000,185500,186250,180500,179000,179450,179900,175000,168500,159000,169900,177500,177000,177000,172450,172450,169900,169000,169450,169950,172500,165000,165000,170000,175250,175250,179900,178900,175000,175000,174900
"Cape Cod, MA",109,599000,549000,499000,510000,549000,549000,499000,549000,549000,499450,495000,495000,512450,512450,519000,499000,489000,489000,479000,462900,459000,455000,484499.5,470600,462900,445000,475250,485000,499000,499900,499250,499000,479000,499250,492000,499900,514900,549000,549000,589900,572000,580000,524000,509450,519000,499900,499000,499900,525000,499900,499000,472000,499000,499000,499000,499000,477000,475000,499000,489000,498250,479000,446750,452200,449000,448450,425000,456750,447000,448500,432000,439000,439000,421995,439000,444950,475000,490000,481450,497400,512450,499900
"Burlington, VT",110,,,,,,,,,,,,,,,,,,,,,,,,,,,,,,,,,,,,,,,,,,,,,,,,,,,,,,,,,,,,,,399000,380000,350000,339000,350000,342450,345000,350000,350000,387000,350000,350000,349500,350000,398950,376950,373000,371000,329900,329900,345500
"Lake Havasu City, AZ",111,197450,195000,219900,219450,219000,219900,219900,219000,199999,195000,195000,163950,176950,162500,155000,179000,199999,219450,199999,199999,219900,219900,2e+05,199999,215000,199900,179000,199000,199900,199000,199450,219900,199000,199450,212200,219900,202450,202450,219900,219900,219900,219900,219900,219900,219900,209900,195000,205000,199900,199900,174950,162450,189900,195950,199700,175000,199900,204900,204900,204900,204900,206000,216450,209200,209900,209900,209900,208500,214000,209450,219800,224900,219900,219900,222450,209500,209500,214000,214000,202450,235000,235000
"Torrington, CT",112,199900,204900,199900,224900,224900,214900,214000,200950,205500,213250,219900,202000,189900,199900,205500,212400,209450,212450,199900,192400,199450,199900,199450,195000,199900,219900,246750,249900,245000,225000,217500,223975,219900,199000,195000,189500,182400,182450,197000,229000,239900,239900,239950,244950,249900,249950,240000,239900,209900,239900,239900,229000,240000,229900,239900,239950,259900,259900,275000,269000,235000,224950,259900,259900,270950,273900,259900,260450,256500,254900,250000,249900,249900,249450,229950,224200,212200,224900,249000,229500,244900,244900
"St. Cloud, MN",113,,,,,,,,,,,,,,,,,,,,,,,,,,,,,,,,,,,,,,,,,,,,,,,,,,,,,,,,,,,,,,,,124800,119900,119000,124900,129900,129900,119900,119900,122400,119950,124900,119950,117400,124900,127450,129898,119900,124949,125000
"Hilo, HI",114,,,,,,,,,,,,,,,,,,,,,,,,,,,,,,,,,,,,,,,,,,,,,,,,,,,,,,,,,,,,,,,,,,,,,,,461950,425000,499000,527500,499000,534500,495000,530000,539000,515000,539000,539000
"Kingston, NY",115,225000,225000,225000,225000,247000,249000,237000,234500,229800,234000,225000,199950,199000,196500,195000,199000,202500,210000,199900,199950,199900,224900,229900,224900,215000,212500,219000,219000,221000,219000,209000,219900,219000,219000,219000,219000,224900,224900,225000,229000,229000,222450,219000,224900,210000,208000,207000,199900,199900,199900,199900,199900,209000,199900,199900,199900,197000,199000,195000,189000,179900,179900,179999,189000,199500,209000,219000,209000,209900,209250,209500,209000,210000,204500,219000,219900,229450,229900,249000,233900,226000,225000
"Columbia, MO",116,,,,,,,,,,,,,,,,,,,,,,,,,,,,,,,,,,,,,,,,,,,,,,,,,,,,,,,,,,,,,,,,,,,,,,,151000,152000,155000,155000,170000,165000,160000,159950,155000,155000,162175,154900
"Eau Claire, WI",117,,,,,,,,,,,,,,,,,,,,,,,,,,,,,,,,,,,,,,,,,,,,,,,,,,,,,,,144400,119900,110400,111450,109900,121950,118250,124900,129450,133900,123900,123900,126900,133900,137900,119900,139900,139900,139900,145000,124900,125900,125900,125900,125400,131000,142400,149900
"Bangor, ME",118,148900,147900,149900,143950,147450,149900,149900,149500,144450,145000,149950,149900,149900,152450,154900,153450,158000,158000,159500,156950,155000,159500,159000,150000,149999,149900,145450,145000,139900,144900,140000,139000,139250,136250,140950,131250,129900,129900,129900,129700,135000,135000,139000,135000,132000,129900,128500,119900,120450,120500,122000,129450,135900,135000,139500,135000,130000,129900,129900,129000,124700,124500,124000,129900,139361,139700,139000,131450,129900,129500,125000,125000,125000,124900,126500,134900,135000,137500,142000,143000,139900,139222
"Chambersburg, PA",119,170000,169000,169000,162900,164900,155000,145000,135000,135000,138400,138400,139900,140945,140945,140945,135950,149450,139900,145250,149900,149000,145000,145000,145000,149000,149500,141500,149900,127500,120000,127500,127500,145000,145000,144900,145000,157200,144900,144450,149900,159900,154900,169900,169900,154450,143450,142900,145000,145000,147450,149900,149900,159000,157450,159450,159000,157900,139900,159000,157400,164500,175900,159900,159900,161750,180000,159900,149900,139950,142250,144500,144700,139900,139900,139900,139900,139900,139900,139900,140000,139900,149900
"Elizabethtown, KY",120,,,,,,,,,,,,,,,,,,,,,,,,,,,,,,,,,,,,,,,,,,,,,,,,,,,,,,,,,,,,,,,,,,,134900,158900,160000,160000,141000,134900,134900,139450,137400,134900,134900,135000,139900,137400,132500,134900
"Pottsville, PA",121,59900,64950,65000,63700,62500,59000,59450,59000,64950,59900,65000,69000,69000,65000,69900,69900,69900,69900,67900,67900,69900,65900,65450,65000,65900,65900,65900,69000,70700,71500,65000,68950,65000,65000,65000,62500,62950,69400,68950,68900,68900,68450,65450,67400,65000,69900,64400,72000,69900,69900,69900,69900,69450,65250,65000,65000,65000,64950,69900,69450,69000,69900,69900,69450,66250,66250,65000,69900,64000,59900,61900,59500,59900,60950,59000,53000,52000,51200,55500,49900,52450,49250
"Concord, NH",122,,,,,,,,,,,,,,,,,,,,,,,,,,,,,,,,,,,,184900,213000,217450,197250,217450,227499.5,217500,217500,219450,214900,216500,221300,214900,221300,214944,219494,224000,204900,229000,224700,209000,199995,199995,196950,199900,182450,194900,192400,222861,224950,229000,229450,225900,225000,229000,229000,225000,219900,207900,212000,218500,229000,224900,229000,229000,229000,239000
"Hattiesburg, MS",123,,,,,,,,,,,,,,,,,,,,,,,,,,,,,,,,,,,,,,,,,,,,,,,,,,,,,,,,,,,,,,,,144900,137500,144900,135000,140000,137500,137500,138900,128200,129000,127750,126500,126500,128000,128000,125750,129900,108500,108750
"Jamestown, NY",124,,,,,,,,,,,,,,,,,,,,,,,,,,,,,,,,,,,,,,,,,,,,,,,,,,,,,,,,,,,,,,,54900,54900,57000,54950,54800,58250,56750,54700,49900,53400,53400,49800,49900,49900,46250,46500,49900,57250,61150,59500
"Pittsfield, MA",125,182450,189000,190000,169000,169000,168000,169000,154900,159900,173950,174900,174900,155000,149900,149900,149900,149000,149900,149900,159000,155000,155000,155000,155000,149950,149450,148000,149900,159000,159250,156700,149900,147000,142250,145000,139900,139900,139000,139450,139450,148900,146000,152450,139900,139900,139900,139000,129450,129900,139900,139900,132500,139000,139900,139900,139900,142450,144900,142450,139000,130000,135000,130000,134950,129900,137000,143500,149900,149900,149900,139900,139900,144900,139900,129900,144950,143900,142499.5,139999,139900,139900,139900
"Glens Falls, NY",126,149900,149900,159900,159900,156750,149900,149900,137750,136900,149900,157000,155000,139450,139900,139900,139900,144900,139900,140450,139900,139900,139000,139000,139000,139900,135000,139000,139900,144000,146450,148500,139900,139000,141900,142900,135000,135000,138350,132950,139000,141000,149000,148700,149500,147450,144000,146900,147800,149900,148700,154900,159000,170000,176500,175000,167500,159900,165000,159950,155900,149900,149900,149000,145900,149900,144900,139900,139900,144900,139700,139500,139900,139900,139700,139900,159900,154950,149900,149900,149000,141200,144950
"St. Joseph, MO",127,,,,,,,,,,,,,,,,,,,,,,,,,,,,,,,,,,,,,,,,,,,,,,,,,92200,94500,99900,99650,98750,95000,88500,94500,94500,97000,99900,97750,95000,80000,80000,80000,87400,97200,99900,93000,93000,84000,79900,79900,76950,79000,72900,73450,74950,74950,79900,74900,79950,75900
"Harrisonburg, VA",128,,,,,,,,,,,,,,,,,,,,,,,,,,,,,,,,,,,,,,,,,,,,,,,,,,,,,,,,,,,,,,,,,199900,212900,239000,229500,217400,214900,237200,224750,237000,229500,217000,217000,224900,224900,229750,228700,229500,229500
"Mansfield, OH",129,,,,,,,,,,,,,,,,,,,,,,,,,,,,,,,,,,,,,,,,,,,,,,,,,,,,,,,,,,,,,,,,,,89900,89700,82900,84450,83900,84900,74900,72250,70000,70000,79900,79900,89900,95000,89900,89950,89900
"Augusta, ME",130,119900,119900,119900,119900,127700,129400,129900,129900,129900,134950,134900,125000,129900,129900,125000,129900,135000,134900,134900,132500,134710,129900,129900,129900,129900,129900,129900,135000,134900,138450,135000,130000,129900,129900,133950,128950,129900,131900,129947.5,129900,134900,139200,139500,139700,129900,130000,129900,129949.5,129900,124950,129700,135000,145000,145900,145000,149700,145000,149900,149000,139950,136900,139900,148800,149900,149900,158000,151000,149900,149900,149000,145000,143500,144250,139950,140000,145000,149700,149900,149900,148950,149900,149900
"Mount Vernon, WA",131,,,,,,,,,,,,,,,,,,,,,,,,,,,,,,,,,,,,,,,,,,,,,,,,,,,,,,,,,,,,,,,,,,,269900,289900,282450,289900,307907.5,3e+05,292500,289900,287450,277000,291750,342500,342500,350000,320000,265000
"Watertown, NY",132,,,,118250,118250,117500,119800,125000,120000,120000,120000,122450,120000,119900,128400,119000,124900,124900,125950,119900,110000,119500,109990,119800,119850,135000,135000,133450,129900,129450,121450,125000,124950,124900,125000,124950,115900,114950,115000,118950,129900,125000,124900,122450,119900,124900,124800,122400,127900,127900,126400,129000,127500,125450,134500,124900,124900,120000,124900,119900,119900,119900,120000,119950,120000,128950,129900,128450,129900,124900,124900,124900,119900,112000,117750,119500,119000,119900,122250,117000,112000,111000
"Williamsport, PA",133,,,,,,,,,,,,,,,,,,,,,,,,,,,,,,,,,,,,,,,,,,,,,,,,,,,,,,,,,,97500,94950,95900,94000,94950,99000,115000,119000,105000,102000,99000,99000,99450,101950,95000,102400,97250,104950,99700,94900,95000,99000,94750,95700,97950
"Ogdensburg, NY",134,,,,,,,,,,,,,,,,,,,,,,,,,,,,,,,,,,,,,,,,,,,,,,,,,,,,,,,,,,,,,,,,69200,72449.5,71749.5,65000,63000,64000,63000,63000,65000,68500,72000,59900,64000,73700,65000,63700,64950,64900,69900
"Lewiston, ME",135,147000,142500,142450,126600,134900,136900,139900,134900,134900,134900,129900,126900,125000,124900,125000,115999.5,124000,124900,126200,128900,125000,125000,122900,115000,115000,115000,124900,125000,121500,120700,123500,125000,128500,127200,127450,125000,119900,119900,119950,120000,125000,133500,124900,124900,121900,123400,124900,124735,119250,119900,125000,124950,125000,135000,129000,127800,125000,126825,127500,125000,125000,125000,125000,125000,128867.5,131900,129900,129000,125000,129000,129450,125000,125000,120000,124900,129000,125950,127500,129900,129900,129900,130000
"Ithaca, NY",136,,,,,,,,,,,,,,,,,,,,,,,,,,,,,,,,,,,,,,,,,,,,,,,,,,,,,,,,,,,,,,245000,264900,249250,259000,256250,252500,255000,249900,249950,249900,259900,244950,269900,289950,294450,289900,289999,294999.5,289900,289949.5,282000
"Ashtabula, OH",137,,,,,,,,,,,,,,,,,,,,,,,,,,,,,,,,,,,,,,,64900,73500,69900,69900,74450,74450,74900,74900,79000,79900,79900,79500,79900,78900,74900,74900,74500,72250,69950,72000,74000,74900,79700,77250,72000,74000,76750,79900,79900,69900,68750,68500,69900,68900,69900,69900,69900,69900,72000,70950,75950,69900,69900,69900
"Richmond, KY",138,184500,184900,184700,187000,184500,183200,186500,179500,174900,177200,179500,174000,169000,169900,174000,169900,169900,169900,178700,183900,185900,179900,183900,185900,190000,169900,165000,162250,169900,179500,165000,164500,175000,175000,169900,179000,179000,174500,168000,166500,165000,174500,166500,160000,162730,160000,163000,159000,174900,174900,174900,169950,169500,169900,169500,163750,159000,147450,153000,155000,140000,140000,155000,154990,155000,147500,165000,172250,172250,155000,149900,149450,159900,149900,149900,143500,148000,168500,149900,149900,159900,169900
"Corning, NY",139,,,,,,,,,,,,,,,,,,,,,,,,,,,,,,,,,,,,,,,,,,,,,,,,,,,,,,,,,,,,,,,,,,82700,79900,80000,84250,82500,80950,86950,84900,89000,86950,92200,89900,84900,94500,87400,87400,79900
"Rome, GA",140,,,,,,,,,,,,,,,,,,,,,,,,,,,,,,,,,,,,,,,,,,,,,,,,,,,,,,,,,,,,,,,115000,119000,124900,112500,109450,103900,108400,106900,99900,99900,104900,99900,109900,109900,119900,119900,118500,108950,117400,112425
"Kalispell, MT",141,,,,,,,,,,,,,,,,,,,,,,,,,,,,,,,,,,,,,,,,,,,,,,,,,,,,,,275000,279500,299900,305000,305000,305000,318500,299450,289000,279000,275000,279450,279925,284000,287499,286000,291000,295000,299700,299900,315000,299750,309000,315000,317000,319950,335000,319950,344900
"Elmira, NY",142,,,,,,,,,,,,,,,,,,,,,,,,,,,,,,,,,,,,,,,,,,,,,,,,,,,,,,,,,,,,,,56750,56700,58500,54900,54900,54900,59900,59949.5,59900,59900,59999.5,59999.5,62000,59900,59949.5,62000,59900,60950,62000,59900,64900
"Branson, MO",143,,,,,,,,,,,,,,,,,,,,,,,,,,,,,,,,,,,,,,,,,,,,,,,,,,,,177000,179000,173500,173500,154500,150000,154500,152250,154900,145400,154500,168900,169450,177000,170950,170500,174900,179000,174900,173450,179900,179900,179900,179900,179900,179900,179900,179900,179900,179900,179000
"Plattsburgh, NY",144,,,,,,,,,,,,,,,,,,139950,139950,139950,130000,139000,140000,139900,138250,137500,138699.5,160950,160950,153450,153450,162500,179500,185000,168250,185000,162500,155950,162500,154900,153450,149450,149900,174000,165000,142450,145000,158500,144500,149000,149900,144500,142500,143500,139450,144500,149200,147200,144500,146200,139750,139500,139750,142500,143500,144500,142250,144900,140950,144500,150000,139900,138250,133700,133700,143000,145102.5,149000,148900,165000,152500,137400
"Olean, NY",145,,,,,,,,,,,,,,,,,,,,,,,,,,,,,,,,,,,,,,,,,,,,,,,,,,,,,,,,70900,77000,76500,75950,69450,69450,65500,69450,57450,62500,64950,69999.5,69949.5,73000,73950,76200,79000,79900,73900,75900,69500,65950,64450,64500,66700,66900,65000
"Auburn, NY",146,,,,,,,,,,,,,,,,,,,,,,,,,,,,,,,,,,,,,,,,,,,,,,,,,,,,,,,,,,,,,,,84900,74900,74900,79949.5,89900,84900,83450,80950,88100,89900,89900,88100,79900,83900,88700,89700,84900,86400,88200,84500
"Keene, NH",147,,,,,,,,214900,207400,199900,194900,205900,203400,189900,189450,189000,189900,194000,189000,182000,179900,183500,209000,199900,179900,187900,214000,188900,194900,195000,187900,185900,188900,189900,215000,195000,196500,196500,195000,207450,215000,212450,221950,224900,219000,209000,209000,213950,197450,199900,197450,204200,187900,179000,182450,168900,168700,168900,168950,169450,169900,190000,194950,194950,185000,179900,175450,173750,169900,175450,175900,183500,199000,184900,182750,179900,180950,184200,184900,179800,179400,174900
"Sandusky, OH",148,,,,,,,,,,,,,,,,,,,,,,,,,,,,,,,,,,,,,,,,,,,,,,,,,,,,,,,,,,,,,,,,,,,,95000,84900,84900,82000,69000,69000,72950,69900,67000,69000,69000,69000,69000,72450,74950
"Key West, FL",149,,,,,,,,,,,,,,,,,,,,,,,,,,,,,,,,,,,,,,,,,,,,,,659000,609000,669000,683000,649000,599000,695000,654500,699000,669750,624499.5,639500,599999,664500,619000,645000,596000,699000,693750,699000,699000,699000,749000,749450,749000,749999,780000,799900,798000,750000,760000,767500,720000,787000,815000,937000,815000
"Greenfield Town, MA",150,,,199000,195000,213450,210000,209950,209000,204500,189000,210000,179900,187450,199900,195000,189450,195000,192500,190000,203500,199000,195000,208000,199900,204450,189900,197000,197000,196500,194000,184000,164900,169950,189950,175000,175000,175000,175000,184500,189500,190500,179900,189500,194900,209000,189900,209900,199900,189500,195000,195000,229900,222000,210000,215000,211500,199900,188450,175000,193450,209000,214900,187500,187500,199900,199900,199900,199000,189900,199500,181250,187500,199900,189950,189900,211000,210000,209500,199900,199900,199900,209000
"Statesboro, GA",151,,,,,,,,,,,,,,,,,,,,,,,,,,,,,,,,,,,,,,,,,,,,,,,,,,,,,,,,,,,,,,,,,,,,,,,139000,139000,139000,148000,139000,139000,138000,139000,129500,117000,115000,115000
"Hudson, NY",152,,,,,,,,,,,,,,,,,,,,,,,,,,,,,,,,,,,,,,,,,,,,,,,,,,,249500,249500,249750,265000,279000,239250,229000,229000,239000,269000,249000,275000,272000,275000,259500,254450,259250,259250,259250,259500,259750,285000,292450,287000,289450,282499.5,279450,275000,275000,275000,292450,295000
"Coos Bay, OR",153,,,,,,,,,,,,,,,,,,,,,,,,,,,,,,,,,,,,,,,,,,179900,179950,187500,179950,179000,179900,179500,189950,180000,185000,180000,187500,195000,214000,197000,175000,192500,199000,197000,199000,199000,199000,214000,199000,199000,197000,197000,187000,182000,191000,195000,195000,188450,199900,199500,199500,202450,230500,239000,239000,210999.5
"Oneonta, NY",154,,,,,,,,,,,,,,,,,164900,164900,156500,156500,151182.5,140000,139450,139000,139900,140000,152500,151250,148250,150000,150000,147000,149000,139450,149000,145000,149000,149000,149000,149000,145000,149000,140000,139900,139900,139500,139000,146750,149000,139900,134000,140000,139950,146000,148325,146875,160000,159500,149900,150000,156900,148450,149900,149900,149950,159283.5,156950,150000,149900,152450,145000,144950,144500,144000,132450,135000,125900,125000,129950,139800,137500,129900
"Rutland, VT",155,139900,150950,152000,159900,152000,149900,157450,162400,155000,155000,159900,168950,145950,142900,141900,159900,155000,159900,157950,163950,157950,156000,156000,150000,159000,160000,153525,149000,154000,154000,154000,149950,149450,149900,151500,159900,153750,155000,157450,157450,149450,145000,139900,149450,150950,147000,139000,139500,124000,139000,123000,124000,122450,125000,119450,119000,123450,129900,132450,127250,129500,135000,149000,139000,129950,128250,124000,127000,131200,131200,120950,127000,128450,131200,127000,127000,128000,122450,120000,124900,124950,124900
"Gloversville, NY",156,62900,69900,67900,69999.5,72250,70000,69999,69000,70000,73250,72000,72000,76200,69000,73950,72000,74900,74900,73000,73000,74900,74900,69900,69900,69900,70450,72000,77600,77000,79200,74750,71000,75950,84900,79900,75000,78900,69950,72500,69900,69900,70000,72500,72450,75000,74900,74900,69900,72500,67000,64100,69900,69900,69900,71000,69500,68700,69700,69700,67500,69000,69900,64900,59000,57250,59900,62500,63745,62500,59900,59900,55500,55000,54900,54900,59900,59900,59900,59900,59900,59900,58250
"Fort Leonard Wood, MO",157,,,,,,,,,,,,,,,,,,,,,,,,,,,,,,,,,,,,,,,,,,,,,,,,,213000,213000,213000,229950,213000,213000,213000,213000,215000,217000,198000,192000,186000,186000,186000,187500,187500,178000,179900,184500,198000,186000,199900,199900,196500,192000,199900,199900,184750,184000,184000,179000,184000,198000
"Malone, NY",158,,,,,,,,,,,,,,,,,,,,,,,,,,,,,,,,,,,,,,,,,,,,,,,,,,,,,130000,124500,129900,129900,129950,129900,124500,125000,127200,121750,124500,119750,119000,119500,119500,115200,117250,119500,120000,119000,119000,124500,134750,147000,122000,122000,120000,104900,98950,99900
"Amsterdam, NY",159,,,,,,,,,,,,,,,,74900,69000,70750,69000,69000,65000,69000,69000,70000,69000,67250,67250,65500,64900,65250,65000,67750,65000,60000,59900,64900,65000,65000,68000,64900,62000,64900,60900,61400,63200,60900,59000,55500,59900,59999.5,62000,65000,64950,60000,62250,62000,65000,68000,64900,62500,60000,59950,59950,59000,60000,64200,59000,59000,59900,59000,59000,59000,60000,65000,68500,69000,65000,64999,66400,64949.5,65450,65000
"Cortland, NY",160,,,,,,,,,,,,,,,,,,,,,,,,,,,,,,,,,,,,,,,,,,,,,,,,,,,,,,,,,,,,,,,,,,103900,98450,99900,95000,106000,106000,114000,114000,114950,110000,104000,107000,100500,97000,99900,109000,109000
"Berlin, NH",161,79900,77450,77400,84900,79900,79900,79900,80000,79900,79900,85000,82500,79900,79900,79900,89700,80000,80450,80450,85000,85000,89975,94500,91249.5,93750,89987,87450,89900,89900,87450,89900,89450,89000,89000,84950,83400,81900,80900,77500,79500,79500,79900,79500,74949.5,79000,79000,79000,74999.5,72500,75000,79000,79000,77000,75000,69900,69900,69900,72200,69900,74900,74900,69900,74900,74950,69000,66750,68750,67750,69000,68500,68750,74900,69000,69000,65000,71950,76900,79900,79900,79900,76900,75000
