"RegionID","RegionName","SizeRank","2010-09","2010-10","2010-11","2010-12","2011-01","2011-02","2011-03","2011-04","2011-05","2011-06","2011-07","2011-08","2011-09","2011-10","2011-11","2011-12","2012-01","2012-02","2012-03","2012-04","2012-05","2012-06","2012-07","2012-08","2012-09","2012-10","2012-11","2012-12","2013-01","2013-02","2013-03","2013-04","2013-05","2013-06","2013-07","2013-08","2013-09","2013-10","2013-11","2013-12","2014-01","2014-02","2014-03","2014-04","2014-05","2014-06","2014-07","2014-08","2014-09","2014-10","2014-11","2014-12","2015-01","2015-02","2015-03","2015-04","2015-05","2015-06","2015-07","2015-08","2015-09","2015-10","2015-11","2015-12","2016-01","2016-02","2016-03","2016-04","2016-05","2016-06","2016-07","2016-08","2016-09","2016-10"
9,"California",1,14.3176396484125,13.8428025629941,13.9205542212532,15.3299440675564,15.6555636506104,14.3029880831919,15.2293324490645,14.9493944863436,14.3844545117374,14.7539616321411,13.9836089499594,12.1043426699997,12.2312477066522,12.320312621087,12.4452741631116,13.1855855305901,12.4185798728453,12.29517930112,11.0619966987423,10.465116912139,9.74043325982078,8.67497144095577,7.91021741029815,8.25844373276477,6.84227550805476,6.86381053922861,8.35701927637623,8.58577941969948,8.40408137024075,8.03608472181562,8.40065091059481,8.17645402192488,8.73366110578793,8.82658771165728,10.0530213294692,12.1773964742926,12.0138741273776,13.0180888757796,12.8266933710387,12.0858416827857,12.9249505529245,13.4493411301588,13.1183514353794,13.7056819431856,14.2365326282302,14.2045382300651,15.2036966707546,15.8582111999423,14.6624739205611,15.1927414387273,13.2145454211853,12.1109703050249,12.2334899060467,12.8489453496181,12.9098546177803,11.9760773071144,12.1345878882932,11.7785808035553,12.4522088536937,13.0240597907261,12.1933747461772,12.4005773982752,11.4684483543097,11.010432665461,11.3237559986656,12.1752583023486,12.1328194409651,11.8743136965112,11.78203080927,12.5679708804736,12.4027508733604,13.6448214477412,11.643704681546,10.3914769522774
54,"Texas",2,13.6204967501617,12.9591065386446,12.8935379561398,13.4392122133972,13.4523881613765,12.461011271057,14.191917468124,13.7931720160191,13.9647925971047,13.5236367671942,12.362921665764,11.4027929194737,11.478519130812,11.4295667274207,11.9893133815933,12.3205051078083,11.9980220568581,12.4936564697215,12.6071681872266,12.1531399049619,13.0472810485357,13.143670599435,12.3403627193884,13.2373553804578,11.4895386660679,11.2121187314247,12.3209919104095,11.6864705356314,12.0968757292189,11.8904535728335,11.4827420416139,11.0160276389324,11.1809858369434,11.3187976851112,11.5048588545465,13.1835283117466,12.049316268585,12.9075881881737,12.4141020914232,12.1564618575023,12.4950481291829,12.4176074639852,12.1049440355197,12.2079406864795,12.4655182679132,12.3296429252145,13.3170368274109,13.9760003677273,12.7572427346945,13.5148618219415,12.8851679257403,13.2358031445781,13.2270353005846,12.9143400285698,12.6042158285221,12.1412829233001,11.9945116986761,11.979125538519,13.881051343876,14.9466181261634,14.5663493896566,14.6367985785894,13.8698194172451,13.5583750401808,14.3430389009879,14.7178712442863,13.8696452309603,13.4470096110442,12.5893406390187,13.6453515453071,13.9518099591297,15.2490180608878,14.4039864067805,13.6702989326406
43,"New York",3,11.5404662348712,11.6858257300642,11.9687764506967,11.7305666061174,11.6068207761637,11.3412250370649,12.8316779617955,12.5430909031114,12.715229367051,13.5756416069542,12.6695260725917,11.9784414120021,11.2145489327001,11.1709491332513,11.804244512303,11.7563858765701,11.8192450039868,12.7825098040892,12.1019291333328,10.584832059176,10.9424907973787,10.4063283016221,10.1848123431497,11.1906169399648,9.38686033289927,9.575978585804,9.0661349353777,9.87515593682877,10.4719354633142,10.0335873744825,9.19665015362759,9.80501718734266,9.4085113529731,9.02475123705274,10.0183070265521,11.0649008785725,10.3918960292743,10.6272437378796,10.5799050801179,10.0330782772428,10.3429533026785,9.66093985375051,9.68194350782836,10.1527573650052,11.1435791606414,10.8534525883198,12.1668169719024,12.093684082059,11.6884482585778,11.5320368148247,10.7330535111594,10.7327357277089,10.7459329374594,9.98466077552341,9.80384148740576,10.1863664441054,11.1025149344147,11.4819212797512,11.9545525642705,12.1341236579545,11.8290854075463,11.6418274798579,11.7147646761387,11.7355777250865,11.1223588732429,11.9290533632868,11.8773068916923,10.8097494055529,10.2067217477624,10.8424053604952,10.345359974592,11.6724265283761,10.5592672766794,10.1760653071269
14,"Florida",4,13.3196552909079,12.9138623321279,12.2851102044315,13.1580542336775,12.3481259523888,10.9435280719985,11.8644711604632,11.4330793530878,11.1645645621987,11.7149478193728,11.2743459945954,10.8840993298388,10.0056756373254,9.82204456261565,10.4260936982599,10.5093062735549,9.85281862003477,10.38433624189,9.96471962790858,10.1387360930393,10.4084992329113,10.4219893777505,9.96511355936413,10.4315184266732,9.64147671742174,9.03976234855362,9.75829286526413,9.31900580300795,9.73789025628175,9.74638644352297,9.62888572909812,9.64058209984559,10.3920484588958,10.2475330585082,10.3993052352008,12.1403969208423,11.8889537799459,13.619884688948,13.3780773280175,13.5820893681864,14.1194538535064,14.6220663337527,14.6119657891805,15.1481981081991,14.7310959167201,14.0140466914657,15.8804490996766,15.677834172746,14.9143333989272,15.2666123412973,14.6633904108836,14.3856940364955,15.1024373927939,14.5353803078493,14.4705376742875,12.7298378600342,13.564218836619,13.2593046237636,13.7383173330575,14.475575354439,13.8304113102827,13.9184468284897,13.4924155767387,13.2548676260981,14.2838955957239,14.8849747709683,14.8145746450683,14.5292604384656,13.2991434253427,14.2535089339605,13.5554996763183,14.3808848831263,13.3906374086958,12.6264724365763
21,"Illinois",5,15.1990546559064,14.1485001908518,14.1314327605663,15.1838230320642,16.1725645940195,15.1300031102171,16.484530705652,15.9147991728439,15.8961984223055,16.377432003972,15.5898887336444,15.2074734388462,13.8838594342298,13.8411437331057,14.8867345078973,15.1463041930859,14.9496816049001,16.0045315267184,15.5031597407811,14.1637159446006,14.0957590483462,13.7926287443089,13.0384038514778,14.3726139475276,12.4037236133453,12.4418574966494,13.3843813811121,13.2933050724848,14.2438639628893,13.8799051549581,12.5212059160508,11.9628781118986,12.7093228826276,11.9453570254992,13.1154850857316,14.3387741624558,12.9526694791276,14.5638556396689,14.5266006180187,14.5128911026883,14.4963705042079,14.1279900539252,14.5489376913772,14.7722211077216,16.0407408513344,16.1119293846152,17.514491074724,18.104348038329,17.5057402798076,17.7748489012321,16.4490562878402,16.170981694846,15.7573457103002,15.2571046911426,16.052825929478,15.3367065561799,16.5405121570361,16.075612706396,16.9551707909838,17.5870804264223,16.9581166254912,16.9883651270374,16.0018239354458,15.2617881453346,15.1486664271386,15.904120990321,14.0269137779015,15.5145408047136,15.5435467450685,16.6246470029373,16.4278599730119,18.4559231331901,17.1244113996256,16.3446327921694
47,"Pennsylvania",6,13.4014978235063,13.6159839607404,13.7044151618923,14.3460010279904,13.8799622099272,13.6205089568437,15.4983952577785,14.144509751428,14.1439026770886,15.0774981016322,13.9685799019646,13.2384472732465,12.6481372357205,12.5629246324783,13.5831945026018,14.0292918792392,14.0203423033359,15.1300076331546,14.7476921980208,13.1348419915802,13.466015574703,13.2903604766966,13.1582213437582,14.7471204669435,12.8996525881943,12.4835111988317,13.4884492212211,13.3731487903114,14.42159876336,14.3229345158695,13.6172412955289,13.3494050204292,13.9505222486925,13.0593753490949,14.2838903248334,15.5923354899741,14.2750509926405,15.3016856279844,14.5908737457221,14.0143885615107,14.9289068381587,13.6409615831146,14.0251327582398,15.1299581791038,15.8961638585939,16.180249862694,17.1528165016223,17.4324829510491,16.6849847247771,17.0609251846761,16.0343647504874,15.6475639862218,15.5740682717934,15.0080566631969,14.4857881856081,14.6732875024331,15.9372942763706,16.4576302456483,16.8667811317511,16.9751395654504,16.5698882518406,16.4469230927093,15.5265339619064,15.7567712570222,14.6863707876098,16.1517188453378,15.7293943320032,14.8481986178631,14.2583894487609,15.1689145817264,14.7909591576316,16.6812524564516,15.082951904181,14.0970862561655
44,"Ohio",7,13.1694335656379,13.7411312929597,13.1172605228988,13.6218335174531,14.0191662151029,13.822918415273,15.7442322063595,14.5543269880277,14.4813968701909,15.4541621211286,14.3925683282986,13.4665470446277,13.2572867083539,12.7646069348369,13.3337076123734,13.5126324211344,13.4196740942959,14.6054503368861,14.0389098764997,13.2103877756576,13.41790000297,13.5540623766967,12.645769285983,13.8660946634828,12.3666290094534,12.1735107503031,12.9095813763846,12.7955621998134,14.0755657292144,13.9494479471867,13.1229028352955,13.1405224295399,13.5541489224805,13.0901141637663,13.976021977933,15.34412515955,13.9895839855963,14.1655745454898,14.8944541927365,14.4624448272319,14.6303556191679,13.9246203904147,13.2564800027156,14.183789035507,14.6090462946872,14.5203928250572,15.8873056778271,16.5284866636302,15.6024270786418,16.0959984220322,14.7779335751385,15.1605088894763,14.7630936574909,13.9587228741676,13.7456739269742,13.1719157209487,14.5824792681611,14.5945244798599,14.925253048666,15.485951657491,15.2584354710064,15.2035540348477,14.7141903921781,14.1803282180055,13.5533533220374,14.1825965729182,13.5050334839566,12.8355687490405,12.1974421053561,13.470515800379,13.0677635293808,15.0095829543287,13.6108491976516,12.8725222969867
30,"Michigan",8,12.7494202051805,12.5391822488034,12.5005228314318,13.7621065794797,13.4884838783161,13.5790758304964,14.0298047632727,13.3858240081891,12.1305573757883,12.5150236675326,11.4730468302136,10.853327157188,11.0677758732683,10.9556369403667,11.3124315590642,12.3778674767672,11.7163612496371,12.7918839052341,12.1034749126793,11.2496995205056,11.5454118926486,11.063667370231,10.1171576727614,11.3818743668941,9.80304040406416,9.62181421879945,10.9366740121161,11.1264784916081,12.0053783695763,11.9173865506765,11.1368050156867,11.0076203135233,11.5288885295614,11.3364767700718,12.2831214633106,13.7564387927963,12.690339796587,14.0238184137059,13.6152452845695,12.9580224630621,13.2736986981336,12.8689169787182,12.5545302591812,13.2463053206903,13.851685547856,14.1381376666753,15.7535397943844,16.2277076963351,14.4993072236081,14.7774094245735,13.9494063510434,13.0444617498807,13.2430264124079,12.2164103000485,13.0542659689764,12.8076428652571,14.476303948934,15.3129729158978,15.4090301626371,15.4014202407339,15.1397217223635,14.6953593285519,13.745769377763,12.8939278957037,12.7102149636524,13.4034864272447,13.190062670434,12.4575491043781,12.526315035554,13.9015781965324,13.644595275383,15.4808502711896,13.8017021849925,13.06052855382
16,"Georgia",9,12.8482070182326,12.7267568552963,12.7451659668169,13.5023695060905,13.1696451214209,13.76253447691,14.3067954688201,13.8258097901271,12.9838700946845,13.3788584632849,12.7228981345334,12.0321576181317,11.6121416433904,10.8376359862625,11.9925662462698,12.1968589209179,11.4994546043319,11.4965773557851,11.1671737054745,9.86992711135049,10.555359280544,9.15818951248444,9.67248424025672,9.87033602207939,8.8649153828747,9.06445675139306,9.65506957192015,9.42978644684507,10.0606677087437,9.86654367890888,9.91648827953245,9.43016984586838,10.1474122910464,9.37890221899305,10.2076893177523,11.4710144262352,10.6972714935293,11.434183108642,11.2328325111839,10.8278046458595,10.9446180981145,11.3236968368726,11.1213595207479,11.5927545728247,12.0352539421835,12.353698641934,13.0174374389651,13.8470883118015,13.037506835577,13.0219938094051,12.0570166889713,11.8692100689083,11.9844893945596,11.4256824611222,11.1243937224256,11.3350372947874,11.5950834458157,12.1107076246604,12.6377716364425,12.6117599909454,11.9795450646499,12.244538219374,11.3314881222827,11.1625000068552,11.1979783050237,11.5331733167583,11.6066932943899,11.516723938231,10.9591271519202,12.0344181093252,12.0145272653577,13.4577140916104,12.3884858730203,12.0653244451412
36,"North Carolina",10,11.5205907345959,11.3244971895445,10.967289316422,11.5962711940339,11.9789746201537,12.157136909115,12.7837560378468,11.9077332488268,11.3161013729113,11.8688421963162,11.3408450558944,10.3495633283452,10.2797903579334,10.0235180055041,10.636124563855,10.6764267337149,10.2231969487881,10.7653178022795,10.3924351502377,9.70465715869734,10.0010275718549,10.5736427331262,9.83194907191387,10.7574118199776,9.71068453714832,9.8997402351211,10.2406498747907,10.0034905809569,10.8895336467663,10.57570547696,10.1577568211876,10.0360296209533,10.615761918419,10.2310772037753,10.5040879627364,12.0341399537193,10.9207083913139,11.6514380572046,11.370104905644,11.1443443451615,11.3539505594774,11.293565790524,11.2720325908337,11.7252799035562,12.1766698567357,12.2724187745,13.1431183980303,12.8953378827419,12.1713208328479,12.2109375671407,11.5583906615201,11.434267927319,11.370404930803,10.3310014622621,10.9441705757167,9.80818462041421,11.1124048332084,11.1485477393432,11.7008023326948,12.1573956164601,11.5024372022305,11.1787900729004,11.0706567825768,10.9338507133208,9.98484515916649,10.7120758825515,10.3412938365229,10.3985007366183,9.66477964086645,10.4761083323524,10.5032330621847,12.027983477932,10.6368849905533,10.2593652535365
40,"New Jersey",11,12.6162318176306,12.9435712836833,13.1815075286382,12.8370485566216,12.8009778476956,12.8348679482553,13.7033889863166,13.6271010687781,13.304718964407,14.2776917261348,13.3279089126079,12.776433326516,11.8116681584619,11.6607185861159,12.7807689483808,12.6396578458777,12.6338011354902,13.4038200230684,13.3691567270021,11.3640751231822,11.8420244966283,11.8004904709209,11.1417406195708,12.4903626047774,10.6340612625533,9.74149322184319,9.20755677416771,11.1365357399876,11.6306834374949,11.276423959933,10.5868858845308,10.1013585580193,10.3159878728459,9.45260649270653,10.4219957766207,11.9559163338719,11.1647724218502,12.0860927771745,12.3277122444057,11.5236130050555,11.8082376695672,11.5321536455555,11.8227144396708,12.3463401540029,13.4900024161619,13.4364912243794,14.6067718541425,15.1020864123424,14.4694200248048,14.6312778069798,13.5778813873806,13.1656262636804,13.0981729180154,12.7456277092469,12.2937108048252,12.5944488438439,13.8478904065998,14.0535096196194,14.6183168679388,15.0107207803103,14.3680799445813,14.7677532234396,14.548991477518,14.4878451387009,14.3107014834299,14.8909841718776,14.4843037933336,14.0916556035466,12.9851021648309,13.8327175729247,13.5262885000239,14.7591803032113,14.0605621161161,13.3036754953312
56,"Virginia",12,13.0936502487532,12.8764748448924,13.3734738615193,13.9641279786231,14.5301230096888,14.411230537613,14.5566228124944,13.0992939113176,11.630805825576,12.4491373625502,11.9409586042291,10.3781790244373,11.1234632921687,11.2387219601635,11.6992517048457,12.4470612771228,11.9578292639387,12.9728693726745,11.8555782093514,11.2057563173665,11.1542793337293,10.8966460324696,10.4880812223698,11.7063186593224,10.5452058198668,9.94291030053838,11.3528856293527,11.1635246844645,12.1154963768914,12.354141743861,11.7902814476614,10.635054452455,11.5676155757838,11.1374854731705,11.9024909241438,13.3509258294776,12.331578804663,13.3902646501525,12.9384323911401,12.7997893821513,12.6239942117161,12.6935349323146,12.3182139285131,13.0972704522028,14.7583570562579,14.7379320828256,15.3555457669448,16.1535024815289,14.9780481023505,15.5565235734504,13.9518684228964,13.3835692495067,13.9985568932981,13.2050302246652,13.4271736137998,13.7386211536979,14.8848433789354,15.0797767516304,15.3336479521493,15.8843781462117,15.1436252292242,15.0905310610829,14.211060692752,13.9615044040487,13.1164061504398,12.9420486358334,14.125349184862,14.5813803706199,13.6672670977507,15.2584249533353,14.635774101676,16.0674276290897,14.7108304064044,13.9677543469891
59,"Washington",13,14.9168705466545,14.2112970041908,14.0589390001095,15.2624212000842,15.6005659679265,14.8365565781283,15.9948429141148,15.7606800063472,15.2328039359297,15.7962574538659,14.3746405876813,12.8692398045515,12.9334972485709,13.1723735493263,13.2222309118443,13.1214487536414,12.5528844205197,13.1435622401832,11.8685470368455,11.0178606366193,11.4960565375569,10.8594620469307,10.2740720083944,11.1745803787503,9.4193963354188,9.39808808390728,9.60504571855971,9.95844513963552,9.91352125648321,10.1743371206753,10.211073346223,9.62452217252312,10.7840970572175,10.2159571498181,10.8249993288495,12.5659923097199,11.2693892670666,12.4191927602277,11.9456788447201,11.6063932349904,12.7937396171763,11.7879475298489,11.5830084200364,11.9046170284536,11.275874771728,12.1603167199538,12.5087161403096,14.0933797760888,12.7189906844365,12.9782171017985,11.8939372917416,11.2580433627297,11.7776955431543,11.1974547471218,10.83693258908,10.0068963976566,10.8295726902195,10.4105593538082,11.2538019214001,11.8676487583398,10.9795548589503,10.7655124235484,10.5972243566404,9.71416789113132,8.8677323400886,9.2615095139763,8.69775431946371,8.67682026594336,8.95079821043782,9.84856486122214,10.3138304245786,12.1969138351068,10.0307856911629,8.80358170473159
26,"Massachusetts",14,15.0006296947781,14.1599689729139,14.1636481156867,15.6371400525322,15.1173962923907,15.2063661863744,17.7297523570279,17.0109511059633,17.2340701869741,18.1193417811273,15.9028690198769,15.3550832302753,14.570293462296,14.2253486503568,14.5499394435689,14.9189961403042,15.4739683600648,16.6001085511148,15.3386589498826,14.8642383855206,14.4389010075026,13.4043455628727,13.1838794368326,14.2002498494857,12.7726715889946,11.4526098511383,13.2241327109935,12.5617561612623,13.9685992911481,12.8096133518927,11.9238399674497,11.8377684006867,12.8914280964679,12.2675226478777,14.0006671063337,15.0433338796137,14.0370017036537,14.5998183264103,14.6480986575361,14.0419957492454,14.1817070283524,13.5902324537496,13.4963346902012,13.3947829191805,14.5964968464024,14.8410109125254,15.8919571478165,16.4803249504115,16.7776913788466,15.4199115987129,14.2573679286458,13.6275432428045,13.9540853349678,11.6188665126133,11.9338511720192,12.5320709293006,13.2806092417607,13.6041095893007,14.6722947735706,15.3227837744502,14.6150316597441,15.0127858124088,14.7745114920322,14.5955384081258,14.0771981542737,14.5667365527976,13.5713469880699,12.1516429286376,11.5508467044332,12.4420657467757,12.6236388296141,14.4363419075475,11.1022274813905,13.4476843145594
22,"Indiana",15,11.8568245233627,11.5785342360281,11.7879210650025,13.2226950634773,13.6528140556625,12.0565762722591,14.0585534583491,13.3990585256124,13.1147461331452,14.1349839186308,12.7473884038305,12.7055245695332,11.5745364708729,11.7304680284453,12.5650755193216,13.2217971200705,12.5983552475501,13.9222305145188,13.9539791393058,12.9217894798477,13.820362434353,13.153157742819,13.4552409495424,13.3017160557052,11.901669636835,12.1018463858816,12.6107807539953,12.3977971015524,13.8662366403972,13.3361535648503,13.1663137405341,12.6931286757099,12.9604473091601,12.5726920327605,13.4567970743466,14.6907926454142,13.7827463853565,14.4248061118381,14.525234712803,14.1216478096969,13.3079229507901,13.5596727964842,13.343481927952,14.3387295830394,14.7326643149658,14.4350169809176,15.3222882541505,16.423401896005,15.544914436111,15.5294294753154,14.9973454843883,14.2984221967179,14.311484786843,14.0017165897469,14.1924922421757,14.0352920273449,14.6328643570852,15.1295099826004,15.6384712410344,15.5288589306078,15.6655279340656,15.6324646261247,14.630583045077,14.0441931863925,13.5678738914896,14.7652732013879,13.9710748591711,12.8639255352139,12.591862836844,13.7471176905764,13.8114609069419,15.6884176426407,14.76106860929,14.0928150634565
8,"Arizona",16,19.7670185720958,19.4375875271182,18.080785324204,20.0614494238417,18.2137209789925,16.1283402253023,16.7689857739049,15.1998899820865,13.9028657725468,13.4317843956227,13.0011206691501,11.8057534789932,10.9320989111957,10.6848653015248,10.9376491246293,12.1660054937571,10.1799626020668,10.3241313854288,9.88750039497854,9.7771262757397,10.8459462238479,11.0501022699514,11.3103443435574,12.5174733095711,11.1037750394848,11.4251635214233,12.9742144846857,13.1147842924563,13.4107245589425,13.0828015586273,12.6859655725624,12.2515920972267,13.0523026634947,13.3993262875234,14.076583481247,16.645580480166,16.2826117837473,17.6808325436629,17.9680414636011,16.1068297943788,18.252187966908,18.7875076244034,19.1552702829431,19.7071490086757,19.4608915394306,18.4868273276333,19.1693231354504,18.5213045791701,17.3769888794249,17.0059042269396,16.1467922197399,15.3755050678117,16.446545369487,16.9328951285334,16.5159096016665,16.7776801611785,16.6304535242639,16.435678345762,16.8082425066127,17.0778494473275,16.7062501536921,16.5789868483331,15.9884277732699,15.382071170058,16.661122580644,17.5119898746006,18.5120995172746,17.5773785069905,17.1646795402909,17.7938477209584,17.3200906255862,18.2047262290378,16.6590741765454,16.3230379974098
53,"Tennessee",17,12.4713491933412,12.6202689883022,11.6599565523893,12.0422938878924,11.5808066634528,11.72348887085,12.3792793451092,12.0879647131722,11.3282921866612,12.2062583908398,11.1510038586079,11.1787112279228,10.3956018231349,10.12016413413,10.3602584320744,11.0457659713498,10.9727003873473,11.4570338052173,11.2692770767304,10.6040182583023,11.4746952053804,10.9539651785387,10.8381394069545,11.7377321446003,10.5442879294573,9.97319473963658,10.9085856071512,10.5070863256334,11.5165960274573,11.3170928200718,10.6447417650125,10.7625182541908,11.1665260653121,10.9076775807826,11.3197093967924,12.0851961870155,10.8783280028154,11.9751960493655,11.5053884682938,10.9173624244578,11.1354887095458,10.9514407132215,10.7376494746825,11.3696884109624,11.6013168184569,11.6343521221858,12.2897193927,12.6320143718045,11.1568924900955,11.9326515218644,11.1945951849515,10.9913574105638,10.9288616036285,9.91195222979944,10.4226063049055,9.21659021998386,10.478965170795,10.9097268749351,11.1668502625748,11.4216439848431,11.2576377094393,10.6334221952195,10.9432431929235,10.961457877558,10.17695505944,11.0178309646547,10.8084214435077,10.2568129229398,9.68093603064402,9.99756259088224,10.0003972118493,11.4973971125271,10.4517017258809,9.66177274841096
32,"Missouri",18,14.606539121504,14.5767333524091,13.8123053950239,15.0410864972643,14.964498100315,14.0073998176303,15.2485591204593,14.7122264174415,14.5613724146733,14.8486260221873,13.8429140444815,13.6420921920569,12.5411417357568,12.0435811491352,12.7761373170563,12.9564165940793,12.4982589715771,13.334029237057,13.2715429187681,12.1085502005981,12.4189977920549,12.3666109758218,11.9497255536763,13.1491857861553,11.3169353317691,11.3616593116489,11.9818443889288,12.3072371990556,13.3075877330727,12.4933357341948,11.6528341943465,11.7473959103228,12.2349683813938,12.3235928484872,13.1161588503819,14.1346308009386,12.7402503031135,13.6365957780591,13.4890056127223,12.5356724286475,12.7436080717117,12.7055462702932,12.3875078168325,12.9363263253338,13.1889153673251,13.4115254494543,14.3777537539749,14.6374877685784,13.7326328911004,13.8754168305215,13.0698211476929,12.6989048524978,13.0007675829347,12.7103374018138,12.8758873643805,12.6833351559487,13.5980900516051,13.1375317148788,13.7398571925915,13.7922789775917,13.4126277059102,13.408381115948,13.405474612494,12.873859460078,12.2291286984806,12.8916427751732,12.6627777444599,11.5989965162433,11.5234385746319,12.6949014189099,11.8540646777565,13.8132336149002,13.1666734133345,12.3627467396979
27,"Maryland",19,15.3499189237622,14.5010558799145,14.4259368790631,15.9591484519195,15.8852495157025,15.7109950515275,16.7627561188311,14.3910062256488,14.5409891396721,14.4501989678134,13.6163961945596,11.8512714996613,12.2267615713008,12.4226887398624,12.869615178318,12.8593429457121,12.9387227329472,13.5502324867314,13.1582420288889,11.8318463506488,11.9666340695749,11.989990618981,10.9448803051013,12.7935004216039,11.1267032003879,10.1707374265042,11.7704278717613,11.4759040546,11.7366642238105,12.3106571049287,12.0796211147805,11.6253613820498,11.8736977743685,12.013994481187,12.7016302445316,14.0660859780077,13.0139987127923,14.1145571170411,14.2095964728998,13.371334487983,14.0431644727234,13.8492627818038,12.9731383585355,15.5937939983246,15.6894423233114,15.9689714743717,16.9369823091151,17.9413853060987,16.2959526284038,17.0361399754768,15.9300031159005,15.8583946729675,15.7893641764176,15.0739786486523,14.644633966401,14.8046019364584,16.1205159378687,16.297355804212,17.0766855749557,17.6453438533776,17.0539754009331,17.1304863436892,15.9886649337623,15.8170886027315,15.1057964351746,16.0874254055038,16.0384959785356,15.3643333111575,14.9243095077592,15.8443293597305,16.3160161715665,17.3937531429624,15.8786908287503,15.5966593717784
60,"Wisconsin",20,12.4664906765986,11.554443279005,11.9893013448505,12.710502979344,12.4620139341955,11.5588354217965,12.5154699464496,12.5696765003854,11.9893169424742,12.708226341794,11.7987118678314,11.6929077754073,10.4780033861529,10.3337969602815,11.0761310088237,11.2880386595204,10.8615687978464,11.5037289186423,11.4193623368135,10.1793904873258,10.7125846364824,10.221058232158,9.76659776969183,10.8230873195044,9.01373290513516,9.36310698949438,9.8235531339306,9.76332441725518,10.7340795505994,10.6583344041207,10.0155576228862,9.4842668889214,10.3331659659086,10.3118805745841,10.8930651755324,12.1639446615911,10.7229472289089,11.7276126109341,11.4761454330343,10.8737515984341,11.0116196652661,10.839777008014,10.4801130391544,10.8712705228568,11.7341891779831,11.7805267432989,13.0210758629996,13.7087346758602,12.4305128309496,12.4365755376173,11.1028357350523,10.6629011700142,10.8388641120514,10.5068162984172,11.0358482689503,9.98373990798492,11.0760425574967,11.0984844275166,11.8893341882633,12.2546835769778,11.4434368392821,11.3278302459827,10.6291743004809,10.7005820913731,10.3178858048053,10.4648852397703,10.011370330667,9.7170755092456,9.72047876683862,10.7566695822598,10.2179707674425,11.9928323886459,10.5389072400181,10.0438432916302
31,"Minnesota",21,16.4957003587934,16.0099359711404,15.9017203994216,17.1495945365508,17.7925477478636,16.449319464364,17.4024172718165,17.2157813327325,15.3477472154462,16.5476933963813,15.6563274957832,15.0054809993082,13.8296466277407,13.3846285813043,14.5604004273026,14.4138415956306,14.5949239399827,15.3938780815537,13.9775026674079,13.219582912865,14.333932391389,12.6962655406643,12.2171993107327,13.237727109627,11.3337429979709,10.3140543998723,12.38270524347,12.8516599044897,14.0227410456996,13.6241749524146,12.8386318626049,11.0571698828251,13.2728021825613,12.5093162662123,13.6271920700988,14.9902971859181,14.0077400196871,15.3551026229932,14.5852901840301,14.2212470302774,13.8941009802541,13.2572543131856,13.3815906141245,14.1868554077177,14.2889923811114,15.9150409151031,16.630819515491,17.7026069824031,14.9021243411034,16.5353246142678,14.1736097545324,13.2487557019447,13.2531861621451,13.6545572563541,14.0199920950949,12.79337534548,13.990611500998,13.855261741552,15.0557260492567,15.917549100851,15.2257803735684,14.6665206393236,13.9043883546001,13.4028143198901,12.3422002123682,13.0833354132502,12.8690611689701,12.1358656865072,12.3091120157828,13.7243024931531,13.1821311141918,15.3241165211609,13.9412557399484,13.0830079809059
10,"Colorado",22,15.6295350943249,15.1162905874366,14.6848059959398,14.8125431653827,15.1271018717456,14.5620443780677,16.132504052516,15.8220805528729,14.7707892119268,14.8068226780544,13.5439326810971,11.987796659828,11.0769196043681,11.3850055757534,11.5139009444646,12.1741002005836,11.9886964446866,12.0707207489397,11.3493679033752,11.4046159243827,11.4545706138984,11.4122894971298,10.5597563857294,11.303612591554,10.2156529044634,10.1609332657867,11.3857339357958,11.0746458931818,11.7584500769437,11.5813112107552,10.6966548399552,10.1055565024524,11.6566285316427,11.5275070912286,12.3412851943081,13.8814170568858,12.6581574959021,13.6033515290756,13.4623023162904,12.1450097347759,12.5980858738963,12.5250844040793,12.1696757851683,11.9643742965,11.967078140782,11.9551899109833,13.0806311844748,13.9764582160079,12.2100414638844,12.2125647616234,10.982261212432,11.1899020031953,11.1693891461577,10.6761744280955,10.8680351426142,9.12654855481167,9.02975356842608,9.36168837611035,10.7463909796426,12.0175859016709,11.6905699163818,12.1231486695482,10.328026979067,10.5385127975257,9.44686660352057,10.1465630096416,9.7601124280522,9.19272776270977,9.51170988971395,10.9011604769684,10.5616021611012,12.2037433309984,9.9080035456815,8.20389772430085
4,"Alabama",23,11.9153292658974,11.9045425242997,11.6869785140685,11.7546325909993,11.4283108230106,11.2666371936411,12.2291633025412,11.7476576628635,10.7671946031998,11.4388320625479,10.7564075614265,10.9186991897786,10.1091814261663,10.2836831218639,11.1568821542354,11.2991675202662,10.2189714055867,10.5076441361872,10.237648847031,9.4207166532163,10.7238970555059,10.266209193197,10.3874847215898,10.5312302452518,10.3627229978163,9.94831686816482,10.5126042411568,10.4798035317064,11.5704520595761,11.180370134791,10.6644706827402,10.5699132267011,10.6212007769564,10.2828518722708,10.6686321616655,11.6837690019381,10.4047923998157,11.7012645627136,10.9781585050735,10.9788138960499,10.8516803215898,11.5144512723318,11.0810170737494,11.1159247243981,11.6689969871355,11.8213974508966,12.4859770843271,12.7342190279135,11.5958882791096,11.7934480213515,11.3276963019046,11.4177687707016,12.101950022747,10.9300884799697,11.5512154235678,11.3572611505577,12.1181270904662,12.6226041377361,13.2719576901516,12.8277277727074,12.6419856220346,12.2572544609804,11.797768702503,11.612964983672,11.8646875252337,12.1912396736435,12.1350734679529,11.9117549429369,11.7112777898987,12.2652251927067,11.7171463328313,13.4932164623137,12.7345773299407,11.8905637551666
51,"South Carolina",24,11.7015524967051,11.1914252177258,11.4151954458795,11.9945062771783,11.4418055220533,11.4200423123659,12.0053062455632,11.5729350664757,10.9000784631482,11.3513910148454,11.167251848963,10.6828159128426,10.2431662128785,10.3037085701732,10.7127750841806,10.3280501708463,10.1834179976309,11.0919846848292,10.6123228092676,10.3608397613247,11.0459330790986,11.0266211158103,10.4828907437927,11.5942860522376,9.98888688509671,10.2042392593647,10.6250928962153,10.5655137933901,11.3259829188661,10.9504772488384,11.1939175473292,10.7024613773628,10.6774160066917,10.6647719051131,10.6443489536789,11.7726856781961,11.1731626975153,11.9719152272778,11.9327034073506,11.4042772979778,11.6238200073278,11.7708223057031,11.7893229194411,12.2493689885868,12.5390466636003,11.8814085001828,12.9822614665512,13.0148762622654,12.2194949588212,12.7663270360378,11.8245906949032,11.8288750817082,11.9283895994188,11.1356752238042,11.5865089359724,10.7546894786327,12.1464491894063,12.3980404626633,12.3823038439142,12.7037169492884,11.9363432816661,12.1110372651447,11.401526969654,11.9842258809861,11.9469331737023,11.7647853682736,11.9639324870845,11.6984633986186,11.20495087406,12.5151000144557,12.4036639644631,13.6929763449473,12.8791512089683,11.7384840429297
25,"Louisiana",25,10.9455068440943,10.373314802045,10.9226588621846,11.7375944575832,11.2310044893524,11.0525244685063,10.9029751239689,10.8667112687521,9.53512234487387,10.559485903506,9.88087482018796,10.0897527652531,9.82556977210929,9.32736092432867,9.95050221693926,10.5635212357664,9.88042016578489,10.0028082568576,10.1769441089721,9.27694146273381,10.6464260855534,10.7782856753831,10.5203477053646,10.7847283545762,9.74527991526255,10.4915604443681,10.8983327803204,10.2580042794797,10.3301504476151,10.9805405634232,10.8452624496989,11.0932776100037,11.2607851640979,11.0392099888845,11.4312016313603,12.4980329114142,11.649870320687,12.6167277024449,11.3284268012892,11.4331885990532,12.189331452351,11.8714150601139,11.8993674728695,11.51645827014,12.3438828092854,11.6397531873766,12.8332282478035,13.4640345698903,12.544239818298,12.4364257408626,12.1804622671926,11.8664707093903,12.0740912056764,12.0424675353638,12.3627114030287,11.5562700080109,11.7873843102956,11.626672877913,12.1829291879548,12.6489647109672,12.5522549475829,13.2040590583491,12.2307525896717,11.9366458643664,12.6123705359534,12.3283929484727,12.6415507314931,13.0916344296194,12.6229167532439,13.1498350999293,12.44598477175,12.5103155037915,11.6643774349444,10.6686960807563
24,"Kentucky",26,12.5156846260128,12.0280237968994,12.0498534904594,12.2968810747856,12.5866235810917,12.8820514231837,13.4334028440243,13.3878720879844,11.6674687106455,13.2133096510084,12.728178626671,12.1991160110565,11.2258717158558,10.7374990434938,12.051203654937,12.1327282628685,11.8621967916829,12.5261971343488,12.0676727265337,11.4045541152948,11.9561247330594,11.7254604752928,11.4607087537925,12.6163876185707,11.3065665238441,11.2995079003712,11.3704586148376,11.6504311625383,12.9028383133955,12.9869612706368,12.5075648453584,12.1728876262718,13.51135303127,12.4441996783251,12.4242887799284,13.8994821136112,12.6727191858666,13.2966901259679,13.8364477094905,13.0334283595546,12.845576894654,12.4206344054401,12.7693223102832,13.5224525772265,14.0470284872584,13.8798655686052,14.918218933507,15.5153734707583,14.3352844534469,15.0483650454785,13.3939341622668,13.4257289143458,14.0569565469959,12.9050239504644,12.3073868327241,11.9559900852403,12.9742273774566,12.8463287242049,13.3584671507448,13.0779163992489,13.0050431510877,13.2292438834207,12.6574415826609,12.7948241440325,11.3562841169141,12.1697107689316,11.9599546171292,11.1360585191759,10.5836391125536,11.7800249336289,11.5270717384107,13.1974020963016,12.3459812558864,11.5892313013683
46,"Oregon",27,14.9779099408784,14.7828852801032,15.0593757050929,16.3255885534658,16.6354880741681,15.3633933535944,16.1580070941223,15.5581576363078,15.1700654983754,15.5126127619626,14.0073185136798,13.2094398021135,12.4066705772394,12.2539310193647,12.8130377194422,13.1003782960271,12.5212421167009,13.3504991071456,12.2091595271141,11.3405156938386,12.1069373698453,11.9022022342958,10.6069363293947,11.9937701488573,10.2967014087401,10.2883629755438,10.9371613478366,10.6114535264716,11.1952201232628,11.2824257316906,10.7404497406974,10.7706084505974,11.3903070816447,11.2353515726301,12.2203196942074,13.4706964149299,11.5557215333063,12.8286798059875,11.9790928310111,10.961067489497,11.8980921871457,11.663177730382,12.0441014804297,12.8251888194568,12.3711520207936,13.0427675656217,14.2475231012066,15.0535453606169,13.9879784377683,13.8235012242449,12.8973734051162,12.4716199914627,12.5269886025736,11.862868202826,12.1349148546882,10.4255424798712,10.5281789992567,10.9972559351471,10.9905622143032,11.9383291270641,11.6457472350811,11.0649730602953,10.826044123667,10.6889984316027,9.88238980636096,10.4152976911376,9.50835831243221,9.59743942341061,10.1672449823588,10.737037970306,10.871724080368,12.3922133126026,11.7789430130055,11.238478825284
45,"Oklahoma",28,11.8107808188664,11.5541583099173,11.6650834708084,12.1752684737055,12.1305554162177,10.7386501384902,12.7210441999767,12.54790658166,11.6788447228938,13.6299024000797,12.4240301702488,11.6277639554048,11.2665103615773,11.5620669963605,12.4310585501353,12.7600229268057,11.6595283925578,12.6735209611061,11.8262926086,11.2660368109264,12.7389258530217,12.1772404652596,12.2338411192139,11.8529330079655,11.9022577998829,11.7585248893721,12.1649563072405,11.6981913416792,12.1584449965495,12.5824242793152,12.4565676971169,11.7400551180872,12.2819358806866,11.3827757792312,12.5432061023444,13.9392925699785,13.0535586402061,13.7742963118726,13.3927723986287,12.3704889265237,13.346054883818,13.0853168023273,13.2733380669569,13.752046163076,13.8762329556042,13.5377488618636,14.5583749877278,15.1186647483657,14.3323438185237,14.6379271678658,12.5271597372498,13.6425114405333,14.3273387233679,12.5418973272734,12.7062929845681,11.6405762721665,11.901640453676,12.7729947466638,13.2201922508631,13.8036266313668,13.0247460283495,13.7171813456652,13.2989471860233,13.0177430249871,13.0975705559591,14.106482308189,13.5878040749097,12.9683334669957,12.910232328066,13.2627903970192,12.832757419547,14.5486100591256,12.5489821300066,10.9423019022358
11,"Connecticut",29,13.244143536355,13.6279832990761,14.8367228766208,14.4957003735747,13.8657816299124,13.6574630875151,15.4919601835269,14.5748231652264,14.8070542606881,15.8647415053517,14.9303083622847,14.6960446380046,13.8923504044036,13.7916378815815,14.068360451294,15.0027619262565,14.9617237565266,15.7810153183125,15.9356831272499,13.9969084170447,13.6707630324604,13.7870961330378,13.1169916646583,13.9725119599301,13.4917290760214,12.3556636142207,13.7714563270094,13.8088568292449,14.286945420856,13.5152693934093,13.3496323083022,12.9818723818766,13.1489062353392,12.8772844806593,13.9782543534968,15.0678558894507,13.2657372380074,16.1866799912411,14.9762802358511,14.7513864164082,15.2271314139012,14.516075371575,14.6122866858277,14.6502572395781,17.0332592708358,16.0265713432658,17.3674655515756,17.5507874597309,16.8007611910919,16.6515838475647,14.4786673246785,14.4277886754992,14.5227558738108,14.2499562504747,13.4295034617938,14.9181886144901,15.8848379520072,16.3281626718066,17.2306194776324,16.5035181071168,16.9829106527042,15.9234979639918,15.924962228194,15.8203690961328,15.7136713364702,16.5210818517203,15.9758624130912,16.0137662614561,15.0090467288718,15.7456843607377,15.2727486011115,16.7857065058462,15.6461038915588,14.8088169327025
19,"Iowa",30,11.8176109677313,11.6624120504683,12.1829154695402,12.615172012085,12.1225976162758,12.2344228489289,13.2824774112022,13.0291831447757,12.7372390597715,12.8273862732107,11.683410029706,12.1774160720964,11.2642000003175,10.8198249439767,11.7528278562196,12.2288525128228,11.8238888204634,12.5995306953905,12.345683462248,10.6852334936998,11.3942529979719,11.8670917291375,11.1141134524576,12.0530177717405,10.7877165750807,10.7313268937479,11.2473106914799,10.9925938835489,11.8748440625517,11.0326313463221,10.6248192207678,10.623687318139,10.6501731906493,10.7897727458484,11.9589984509221,12.9910413973368,12.0560514953221,12.5217822870569,12.3575880020706,11.6413172440828,12.5960867817661,11.4560868930734,11.0173973038626,12.0980913729967,12.32950934451,12.9484337958393,13.6521814417042,13.9898923766913,12.7150264270411,13.6497758982605,11.9269163618586,12.0550984245149,12.4264838049234,12.2673083167305,12.1344020558004,10.8397021289335,12.6007951480134,12.4584934831937,12.9672901164732,13.2633216060249,13.2612519858869,13.2562060350755,12.2166858262769,12.1341179901789,11.9708918509016,11.6133308934636,12.6012715934203,11.5323738200586,10.7969436532619,11.52460076101,11.268448367228,13.5387570486828,11.4117954337321,10.4403458082454
34,"Mississippi",31,10.772518810936,11.1946131793541,10.7888518706712,11.3135323013148,10.5431575225947,10.4910977142744,11.9423991870779,11.0996164238129,10.1923387579255,11.115376257401,10.8635578358775,10.3502217038457,9.62978246341649,9.44862185583623,10.2914431240847,10.2505337355922,9.58510726902417,10.359723568854,10.216611372516,9.20996284660134,10.9211651521902,10.1008033489233,9.66855752024087,10.5244172140594,9.41167151000103,10.2064496176072,10.7178558685833,9.72483112665251,11.1347511568901,10.6550826784692,10.3342336908086,10.3858479740466,10.9514899699672,10.7351280431008,10.8889022889727,11.6086871389766,11.4657705107197,11.7253721271989,11.1575814703393,11.0122342850042,11.0528005678898,11.2262836026699,10.5341920995742,11.3269155017455,11.3153738416048,11.2144691141442,12.3219462557232,12.3496917426625,11.7902859593358,11.6007439658789,10.9265618847523,11.0157899649436,11.4977679160947,10.5898582474819,10.8851834526434,9.39636976740521,11.0055405157501,10.992670581055,11.5136014457487,11.9094507968289,11.6468913221112,11.2502830720582,10.8217253519292,11.4364546768825,11.0439620504372,11.8135460248789,11.5383044882171,11.1475074904316,10.1624295825764,11.0590867950508,10.8795774377162,11.7047463633021,10.7007690435863,9.91106962514989
6,"Arkansas",32,10.1843081548167,9.52383714989132,10.3251232302045,11.1592639503402,9.96423341023753,9.58811084565641,12.4801296573094,10.8630353301223,9.73587765905879,10.6194445838857,9.9930264687968,9.609825994362,9.22877482632933,8.747484010238,8.96881655754898,9.15263303520004,9.00483145163649,9.3467320710543,8.45497786183782,7.82085086377436,8.58008627203988,9.36541726258286,9.33825436270739,9.8371923198614,8.67454947488227,8.68720235274017,9.91420183120782,9.15561469240314,10.0573710559351,10.3083845133809,9.72123399911869,9.89590198389426,9.95704084418353,10.6487358092276,10.6623929101367,11.2930978604357,11.3715366858392,12.042904501357,11.1059929091836,10.4997427592749,11.152336172893,10.7167123290397,10.084185787435,11.7862098098847,11.7342118124283,10.1113547860115,11.6121506364459,12.2151593625141,11.5940169257543,11.8918519976308,10.9061205521127,11.0430742923208,11.6606015166093,10.1971942928556,10.4900655025457,9.92426505900612,11.9127305899513,11.3393099213376,12.1898201040269,11.8504095242663,11.0477291396126,11.6471306571267,10.8617832311648,11.2310626130837,11.258314379447,11.4827329197235,11.3768992766192,10.9856290022999,10.5061401361108,11.9311433682199,10.8716335739923,12.4953261095803,11.1212279094741,10.7002839269527
23,"Kansas",33,13.9538477070785,13.8280461912547,13.4769446847732,14.2367980388776,14.2339880223322,13.3591891034912,15.1265068430682,15.091360380139,14.8924035431553,15.776063209481,14.4866482617255,14.0398999667499,13.2624632179497,13.0791047019095,13.3099980869015,13.7157370462226,13.9404078780155,14.7807996024436,14.146354646437,13.1978395368075,13.3967939232693,13.3918240019416,12.4830110771572,13.8178276798374,12.1231379912565,12.2294105812788,12.677313329538,12.6052937958547,13.6492923822949,13.0610889455213,12.4614781604213,12.2287175501473,13.5811286168574,13.0865810959313,13.8984609157214,14.8094681253375,13.2585053752645,14.6448842978123,14.2499619038546,13.6095084172909,14.0679225799788,13.4511963236362,13.4523766835046,14.1206871950179,14.1944662268494,14.5496538112716,14.6720118777017,15.8601891572112,15.070996487911,15.0268416570645,14.8968901288081,14.3643789204349,14.3370478004033,13.5551870676406,13.3170875087978,12.3255885828572,13.6565378095666,13.046319717965,13.4900492819883,13.7507882989028,14.2132721085298,13.8946668313936,13.3174849711941,13.4734920211375,12.8919183251862,13.8995020226861,13.4262366382611,12.8085970432377,12.2701340953866,13.5411740447969,13.7777930841944,14.9534305203621,13.5468581199008,12.6931904662088
55,"Utah",34,14.4084491772165,14.067450243047,13.3738149263158,14.6993045376244,15.3946220471569,13.8243738395687,14.8776865316216,14.7568809383293,13.2243256061136,13.790696815496,12.6268054760079,11.5080648160509,11.4555490990474,10.5508733769966,11.102320881438,12.5058543113831,11.3032127418133,11.4760014693428,10.4830683936469,11.0842716170898,10.517478804794,11.2084345888693,9.69713274820027,11.1532363883604,9.12710906868648,10.2272852508587,11.4454235123446,10.8703307490412,10.8234753074798,10.5551803159436,10.3075526368094,9.86295600890568,11.2976706806228,11.5322663720452,12.4101212334633,14.0859723057263,14.3279248965902,15.1227118781717,13.8336248491816,12.5303529801092,14.3165061342452,14.5251209820824,14.6805235889448,15.5652422575644,16.8457237416626,15.9717225332981,17.0610462568122,16.474655907047,15.8887252811503,16.2511575315499,15.0300686099296,13.9899668100808,14.5089279295079,13.8233112343892,13.2661088109881,11.1799177816433,11.3618717550838,11.2866909859081,12.1365552101051,11.7553860783662,11.7181758812216,12.3971330681735,11.4847167329064,11.4786518322531,10.9965848709562,11.5167015521477,11.0633495112452,10.7230272710084,10.7600299227712,11.323014741478,11.0116421068037,12.5753133970317,10.2076878273502,8.16623980377505
42,"Nevada",35,13.9366419645054,13.1936754526779,14.625879422153,15.4223125491722,16.2066824198367,16.0851271257635,16.608247333337,14.4430424452358,14.2179976547288,15.5711211270524,14.7820417467442,12.3651007451753,11.4824699556943,11.6934109606842,11.6910004857515,12.7289058207374,10.4401745539042,10.2340189972989,8.82761515611852,7.7225093357788,6.90112260629969,6.0240707909095,5.6163952779491,5.83157636706549,4.63005547642274,4.75202454483214,5.28861728698773,6.66867824266444,5.74656564463363,6.25536743471522,6.2901638318088,6.67496825121308,7.88342672102188,7.96910113561629,7.77783787221596,10.0897234046572,10.5375369549693,11.5795062872565,11.9254078950273,11.3764541372972,12.7999688012876,12.6055844577198,12.5847473193836,13.4360677200215,13.8484410892362,13.6899798742911,13.7279087974452,14.9209109246377,13.6659657125175,14.6540910664333,12.8826387613331,11.8182607814635,12.1645963441576,11.7325233785784,13.3127451200665,13.5357408228691,13.6711677192568,14.0420528825064,14.7198161734045,14.1267883746591,14.3144104110861,14.3425341390776,12.9252577710668,11.6455117156949,12.2492017664552,13.342417144565,13.2931446714033,13.9172196274091,13.5251945753615,13.8614555675596,14.0104330189728,15.6603466394928,13.9281591903036,12.6623874663487
41,"New Mexico",36,13.7764604472265,12.8101357497073,13.3952727898156,13.7303199789329,13.9204142209681,12.6228466179682,14.1389865862414,13.1451903861699,13.1916644855388,12.7874888417622,11.8778263058255,11.8829595884347,11.6191060194783,11.0347950034678,11.1836461622961,11.8278703735662,10.7766646600523,11.5081753597713,10.9410199681442,10.8403603058499,10.7815749365373,11.06508043348,11.1477537833397,11.5229611246481,10.5351067038792,10.6578600734969,11.5423037785903,11.3440903919854,12.090045117019,12.1953525621522,12.0393866177347,11.9307330434256,11.8605584341021,11.885427200787,11.9274931701646,12.7509701621437,12.1818831822534,12.8739866782836,12.3717498780089,12.5000063084615,12.8122240526163,13.0539759715175,13.0557623198568,13.0603832102312,12.8969783571511,13.3445457652564,14.3583710529072,15.6570902618745,13.2275579588126,14.1032169751122,13.1890067895663,12.3196325852146,12.9591934000159,12.3548185006587,13.0506313822001,11.5342077757406,13.7750060066141,13.2364906700058,13.8989618879852,14.2735977549965,13.1297158333302,13.5336838598751,13.0763111656306,13.2007124661372,12.7370354812148,13.0428460092354,13.0434847129826,13.1617472628031,12.4656065236376,14.3320149263189,13.9012827734694,15.8543419023506,14.4820405456502,14.088710852395
61,"West Virginia",37,9.81003606556092,9.35288650930049,10.2642805144596,9.91425046155619,9.69296189369671,10.0909881405679,10.591437797807,10.5211811093313,8.94407799978914,9.43693575508719,8.60536989510955,8.6937747475553,8.43333536529817,8.34020949854238,8.59564200303167,9.28936183491757,8.36173526250188,9.7444724154795,9.66790043930703,8.37039329630585,8.57703206579571,9.35853594561692,8.06163693672152,9.41706933207639,9.51236992299801,8.66709236391187,9.26654721608867,9.57608128999491,10.2692907939519,10.0163838988239,9.53390436938816,9.04561287029922,9.94272028822671,9.35408350004223,10.1324097835929,10.9335536370145,10.3951888010288,10.6722597307758,10.6659806495838,10.266743775212,10.2260232623588,9.89216620380257,9.78483188182094,9.48424203921821,11.4256090644551,10.5242158027739,12.2022831238687,12.0009806914134,10.7426344760039,11.5807047684014,9.81787808435614,10.1538203401604,10.6492182777035,9.51691421908289,9.86781848830691,10.2504715652335,11.0636321959778,11.0270690464777,11.8965273959512,12.0647701914223,11.2664089023146,11.7303462137889,11.489500009379,11.2107756742491,10.9143977871309,11.8550780226052,12.5630342207555,12.2763796075098,11.6272491218974,12.5740584044484,12.2406788165786,13.7041585142667,11.8855206782451,11.9842878336407
38,"Nebraska",38,13.9849188389047,13.4298729089974,14.4994906153956,14.5764709844624,14.5948620988636,13.5893910135443,15.1778890368778,16.3158283524311,15.4252781664742,16.0208280475432,15.469287014929,15.0995870468278,14.5719348491302,14.3644419206003,14.3638798204045,14.2790512959943,14.6356119561242,15.7644760059452,15.3016337206199,13.5818656800049,15.3543591097502,15.2506159274418,13.8575630026967,15.4079019032009,13.861569262404,13.6203652647269,14.3427221927007,13.6360564746649,15.3268303008281,14.7816508888056,14.197942013014,13.3433861084869,14.3776412307563,13.4978824031999,14.3824076948316,15.8529159548919,15.350445160526,15.7199009414775,15.4478518300884,15.2240258510661,15.6039825947268,15.0497881000038,15.0086876643133,15.1244791381788,15.600082686986,16.0716236802262,16.4370342091221,16.3982421238108,15.8277497817968,17.1207559389823,14.5908747592249,15.5076883975449,15.2370145961161,14.6055447009041,14.5443179185208,12.4873159727085,13.9295677885441,14.4094556233106,15.2597413321822,15.5405929335529,14.4520331586082,15.4904778839194,15.1141202318498,15.0916931497352,14.63932415783,15.1672947781054,14.3835397885601,12.510403656455,12.8228627883014,13.7110587654457,13.9549879697112,16.5157355816785,14.5567520520998,12.5908873990128
20,"Idaho",39,13.9072975930541,13.0328265691431,13.5129149199575,14.0097683930636,13.9005454555447,13.530420249273,13.5172822949616,12.7758870569508,11.6497160386332,11.0304231567114,9.61703080712034,9.89743818081991,9.89825204610424,9.36374246342948,9.86612538676926,11.2927474160681,10.4826372755936,9.94341235417114,8.54416299651386,7.99758632818392,8.42832140458884,8.42533337849051,7.36255935923603,8.82365567183597,8.0465418664959,7.85993420034568,9.36130793077055,8.74448163409074,9.94574831937399,9.39500457011595,9.69346739956934,9.63765577907924,10.08253884429,9.99126441873594,11.0111214927739,12.530516660004,11.8408577043919,13.0937181833464,11.9831631271123,11.1388460057482,11.8730327710629,12.1966389267244,12.6309434735974,13.3213480397856,13.3610223804633,13.362071672644,14.5955001974825,15.0819183389587,11.0955358329632,13.2412520619702,11.7272233892722,11.4935505047332,10.9796751328134,11.0871717755022,11.9885219637347,11.3044110917575,12.4895912448417,12.1810799170622,13.1559348508658,13.330087042126,13.0772178138432,12.904537406178,11.6195906731712,11.2098663500355,11.065114427844,10.6767839965448,11.124681543657,10.7051600397429,10.7059342341539,12.970468714749,12.990272547908,14.1433513050722,13.482443039684,11.5931895075969
18,"Hawaii",40,11.0997482684038,9.33263333777107,10.0089631418891,10.5397660866926,10.502726582165,9.16700388858663,10.0243225188346,11.1629642089437,10.3926287928403,11.7209612621024,11.0492020216974,11.106830483375,11.0840465687059,9.48376646343022,9.10539871297325,9.27155167434543,8.44812743402309,8.81607582900192,7.38028841055016,8.57408851486354,7.16974826464671,8.72275035910886,7.10363129271914,8.75200953997386,6.8047503474603,6.76485039440305,7.3153138956831,7.38752907330274,6.58239349938822,6.91017309950369,7.04896105525217,6.37400865617563,6.22973892413593,6.17209907806267,6.711343981352,7.88222009348517,6.7540754495971,8.3575675476016,8.3082136023385,7.70483575799489,8.01284715318507,8.95057711848366,8.89667716963882,8.81033770866187,8.93191107411836,8.06707966178593,9.76510390324492,9.88166651256749,9.38821679751406,9.98939342311606,9.43901104096411,9.59838001256541,9.60009023492845,10.6123094980906,10.2686276041623,8.07075097844272,10.3043883165365,9.93292943332012,9.91694500067235,9.69432181718893,8.61241034219442,9.80996204109155,9.56349686540589,9.1713537806109,10.5632686608688,9.08460916193995,10.7045565091389,9.45853102177545,8.99541452160452,9.05317116470792,9.78523939890641,10.371411387573,10.10288782976,10.0218050236362
28,"Maine",41,10.4738333124712,10.1425734039629,10.6759350888501,11.9026497750683,11.0915331249588,10.3827624555475,12.0144762848154,11.3394519581538,10.6393017923874,11.8797612371378,9.69477654264798,10.207098774057,9.29556882571672,9.51749637115939,9.98310464462019,9.65835734671935,9.61769002807026,10.6336615536341,9.6574176239065,8.86969712766937,10.0983676392141,9.56557246877717,8.85991290130593,10.2334859226954,6.08761900767487,7.95200814724481,9.06474223399622,9.09689034492474,9.80509634084056,9.47663634320584,9.47327179745258,8.96739928500636,9.56562866998051,9.55451640864345,9.97094448573265,11.1625061938539,11.1431827395281,11.1618316801857,10.5672503867856,10.0150681832928,10.8292721139299,10.708949082841,10.0250771813552,10.9833539277514,11.5417774434417,11.5799513925109,12.8489705398652,13.5547590485048,12.9055209318982,11.7760632953471,10.7002964243252,10.0775270702708,10.1607878203607,9.3719840981516,10.0094028653375,9.97014572688386,10.0317751633779,11.5600577063696,11.6516088249584,11.8045737410116,11.4698370241899,11.5944099646635,10.6348827388989,10.8849267030388,10.0057516143252,10.5249917909829,10.2657249698327,9.63074907854953,9.48711143475056,9.94463340687791,10.4975943276671,11.7271770768353,11.0075216570869,10.0188084736411
39,"New Hampshire",42,11.2628847884832,12.4861572797267,11.9964804123077,13.2727779714079,12.5673021767754,11.4951632221399,12.9951767052495,11.5726155680412,12.863328718143,13.0351931166691,12.1334455336609,11.5374846827427,10.7108066462453,10.3036203926964,11.1051613136807,12.2119614137037,12.4494762015533,13.4236047823343,12.0068200141836,12.3012957262873,12.1451023532733,11.4237121698515,10.5207086999652,11.6663410649748,9.94784819332414,9.20338472405259,10.9836170725357,10.0993100672673,11.6102999101427,11.3824634703106,11.2693354029283,10.004354555387,11.2659250428839,10.8106208550213,11.5472789768206,13.0616886864422,11.3077580382827,12.0322794211096,11.3378929877732,11.0026028127573,11.5746991098603,10.6205342162018,11.2876626038246,11.9082752269304,12.1051386675069,11.7893283644445,13.1277394402604,14.3000352329742,14.0198157134717,12.9165062176639,11.7976766932711,10.9079334618902,10.5285069600691,10.2157243570279,9.97382887953027,10.2872003828279,10.8019504363661,11.2576812170255,12.2356480521667,12.509080950842,12.0681985244844,12.1663452683952,11.6563530824279,11.3127771122942,10.4058613962021,11.2177574985073,10.7691483410717,10.3303060228675,9.36587053154294,10.6395715883228,10.4942591909392,11.476114742538,10.2441000787289,10.160771451536
50,"Rhode Island",43,14.3629217027706,14.0825984181933,15.048569585015,14.4660612102581,15.1692372382511,14.4002298837068,17.0671618430801,16.2644081936428,15.8217190584411,17.2628659561176,15.7845889035088,13.6400341427957,14.7653942375857,13.7818837212716,14.9541850261462,15.4681337296424,14.4231385548056,16.3060534594587,15.8187303423943,14.4344084291527,14.4557532121145,12.9989741138034,13.5470195945824,14.6890762128942,11.8870488308727,11.0578593506887,12.9638408074101,12.45188189352,13.3904495880115,13.3841934664138,12.8332543208324,11.6682761274537,11.6835771716065,11.9781044052444,12.9750881083615,14.6959373092346,13.6586599896189,14.2801733799192,13.7241194831547,13.9148953980898,14.9054465889808,14.9568049648285,12.8741487816499,14.7034732223407,14.5496610822106,15.8756358872118,15.8073413497812,16.6520492827942,15.7610167282248,16.3937104812313,14.5663452683368,14.7054030202806,14.3330339784492,11.9084447358551,12.7187036379096,12.7292738386563,14.7669725536728,14.9963572631976,15.9284352620533,17.0553006047449,15.6744760649767,15.8932126373002,14.3933071464122,14.5419837870939,14.176037946632,14.6047353211187,13.7837112019472,13.1422521965613,12.1980630526825,13.1950037797577,13.1464453980279,15.6592613944102,13.5628194313873,13.8251541444121
35,"Montana",44,9.77855706701109,8.452086210142,10.2216588937448,10.2057039512788,10.0543596942222,8.96685162732578,8.96154469827764,9.05700313927835,9.40275491098489,10.0397442715214,8.24149313331057,9.08947832250785,8.20801180793955,7.70776215735455,7.5478370689129,8.6567624814649,8.50724785288735,8.49011795316154,7.85145406539977,7.38580185174593,7.71038478576869,7.15150305610757,6.96672589815768,6.91468987286125,6.15157683296471,6.42228138510138,6.97888547847226,6.70155358103712,6.79455820300227,7.56240368664886,6.81035345397838,7.04751415019326,7.47656040250669,6.8311057286428,7.69970176393606,8.67705270550524,7.5978959835881,9.59043681740327,8.05046164535665,7.4765250507291,7.57320532467373,7.63891230856145,8.08130531422112,7.63945226810797,8.07095545681218,8.57259505368451,10.0655362060607,9.20317477276093,8.96221970631307,9.59195632171643,8.39506753895717,8.36948799488294,8.30561100048023,7.94072217249952,8.74804802973743,7.34463587564477,7.73965821016519,8.42058987673413,9.09546516115081,9.66578717396447,8.66535964067953,8.68351517193497,8.48272050286431,8.26896579536386,8.79704344839816,9.34706867584644,9.54548005547678,8.5399223003956,9.07858621899266,9.37404501920424,9.1448879854288,10.7894082884838,10.1750786026556,9.0834919482101
13,"Delaware",45,15.2941364737654,14.9205576047319,14.939512484629,14.9588369394963,15.2655598229061,14.8969432034078,14.9858389267831,14.1612607854644,14.9607551416037,14.5562732035316,13.8514589546617,13.4807099151691,13.1519176999677,12.7523671001535,12.8453139382566,13.9640594594939,13.8881508285204,14.0030702265535,13.6654111817262,11.8925028657211,11.4637654550196,12.885447766776,11.4753447796702,12.164363408919,10.7298930260902,10.1074163811167,11.6402015338289,11.4564707970106,10.4001297013552,11.9531639096968,11.473963229891,10.167876568204,9.276488862757,10.3447534180059,11.4710026882759,13.9744420003366,11.8792235739796,12.7660563072404,12.1100951532528,11.626263395908,12.7663432987272,11.9943777521945,11.2878543502821,12.9680479030446,14.1258837010727,13.9479536004301,15.1243421234414,15.1778406273508,14.2031646034818,14.6826012403872,13.7211619815374,13.5149019232292,13.6848106935261,13.4904606413266,12.9339484271434,12.5991948641479,15.3567074972306,14.4213388946974,15.3104029605448,14.0105304374587,13.0970627833638,14.3517745162455,13.930113226592,13.6394532150577,12.9348041948227,14.0660067678398,14.8734488166166,14.5026581629675,12.9376054735679,14.2963039961742,12.4428974049925,15.0479550166954,15.0963141018685,13.8300407405268
52,"South Dakota",46,10.9323722451378,10.9590350204319,10.3621697169825,11.0606336325491,11.9368099457806,10.2885201021516,9.40696888706643,8.58988530207808,10.9808849428326,12.3874127568839,11.8818667043702,10.6275313583138,9.70126017402312,9.38246142118476,10.3121374245557,10.0337033830101,9.08581794383597,10.3482004092633,10.1993046138215,9.21082619476188,9.22612396355857,9.12213661117292,8.69011209188064,9.47993167438171,8.65111222721856,8.35746885920115,9.02216616629648,8.50073374129546,9.8700297680522,9.41428035876103,9.86581086259958,8.58723913852842,9.14049977325515,9.52456109447976,9.52853899614045,10.3896066539044,9.87182460653818,9.75795101636064,10.31711037168,10.3733664473566,11.1727333745106,10.819158023078,10.5118570555064,10.6439281248178,10.3373417047112,10.6792100948179,11.092774216201,11.8777681336235,11.5124692808414,12.1588024098706,10.3936383386113,10.2645560840931,10.7549197037392,10.7957309637596,10.5381320607898,9.92790688180043,9.91981511000615,8.82719881623513,10.4501814942621,12.2374036278556,11.3447678800167,12.4200859469704,11.1874327758624,11.2882286029773,9.95691553645874,10.5126538072816,11.3709547577294,10.64947556379,9.87932637818436,11.0603297844259,10.0005412064923,12.6200057740697,10.063048317391,8.82501982260861
3,"Alaska",47,15.1447868600933,13.9057062288835,14.9172505688928,14.9826881850656,14.6164771988695,14.4197051646751,15.5660133631519,14.4306166807975,13.9809485120115,13.3976956379185,13.6146600663756,11.4918471214009,12.8080815702184,12.9576720928649,11.7558241247984,11.8896197156044,12.1382196376075,12.792158636194,13.1152823043433,11.9777348562455,13.1526144169917,13.9778189171448,14.3413677079769,14.1806006227221,12.5826417761601,12.0769038907091,13.9946788457806,13.3344147952632,13.3933302230267,13.2026712051376,13.5923015697403,12.5643168700057,12.8112675131751,13.8865099835675,14.545329664114,16.4962362796295,13.9033250510089,13.8946932564232,13.1081680279449,14.1398663959524,14.0206945194374,15.1553856691418,13.3093965147059,14.808280210804,13.4981388035856,15.2129791354623,14.0119306523254,16.0888521261153,12.7678520882361,15.7648568611528,13.7766903094801,14.2110420128459,15.0244451279685,13.682429458363,13.0988345890997,13.5673436831307,14.0884082184451,13.8883205869998,15.0078983736764,16.2799565682319,15.7423863797312,15.7297975133359,16.0514287168439,15.2148037111827,14.4404364518924,15.4762047137816,15.3304385080824,15.5222764984638,15.4086173979585,14.7711353571853,13.6445260180293,15.3693432338159,14.7533331891323,13.3759168676402
37,"North Dakota",48,11.3285945220192,10.3918717017966,11.1216018535279,11.2726481705006,11.3380653894682,10.1374939170668,10.6244068143334,8.86763589584927,10.2090250362524,10.5258848530743,9.8649226759172,9.40871455551334,6.86227305134602,7.94603122720425,8.72410853769723,9.47722823103581,9.44612060308549,9.24724695586772,9.61337719541851,9.1464841622515,9.0828235431123,9.0708830811201,7.99064371547168,8.76559504901714,9.0515553230066,9.15553915828089,9.01940870396761,9.65645228436734,9.60498458225539,7.77449884533366,8.2052547887744,7.61795632650807,7.7770721201236,8.29726705045229,10.2170793358192,11.9475315881204,10.1512019306523,12.5121417751438,11.6342064793512,10.0294017888067,10.4034021740184,10.8341494866839,10.5413079184783,9.74880511232975,10.8772088631253,10.7466893054954,11.8548875174479,11.6055532714257,12.4564698369432,10.5418290598938,9.92530124004714,11.0890296290759,11.9775663861042,13.1363042842489,11.664176819125,12.3455223040114,11.7159495608329,13.7805744016431,12.6974451964667,15.2281923748163,14.3124051574218,14.8784043033871,13.4171386965353,12.545439847661,12.4865357534485,13.8867806040061,14.4625853071887,12.9625251398596,14.6773952620575,12.5294398290313,13.1398711148672,14.357267936403,11.6091457683035,10.3618699016886
58,"Vermont",49,8.34451030266884,8.9259686552528,8.8287838761231,9.57996041542135,9.06744317648683,7.98418667990528,9.22677092107545,7.6868571095198,8.66998495732686,9.78323011481296,8.04274326467269,8.71576165221307,7.18507323098097,8.12565308766619,7.7190037065278,8.07001582022063,7.82310722444444,8.47615673425868,8.4665685122142,7.8482590649729,7.72561295721588,7.4963393114619,7.23179841167541,7.58007641372043,7.75847147073228,7.52127490483482,7.84337003166145,7.85831912750556,8.42961421461565,8.6591467980591,8.15263613007686,7.3155086491335,8.79477350107966,7.78614294834131,9.04787080255168,9.35093109725876,8.23703819045859,8.76118719681142,8.76764981843124,8.14062426054694,8.88217165642319,8.5506988476863,8.2394920157308,9.7844153125212,9.8679572636583,9.93048704036004,10.3589541968519,10.3750257637186,10.4484454662459,9.42297547895932,9.15660932831914,8.84481807444281,8.45627112361461,8.01345210365403,8.66322899458896,7.8756285920619,8.63118016266768,9.04178109316043,9.96548293651434,10.4550819607049,9.82661801449249,9.16543721285061,9.10503163659974,8.89494879509476,9.18230338635892,9.24132567597905,8.66151485593215,7.94258398899719,7.99034412499134,8.2856052109634,8.41974520295314,10.1341933237225,8.39005627451999,8.02611305586833
12,"District of Columbia",50,14.0390868987257,14.0724662060769,13.6098928629563,14.3832985591947,13.9737042748508,14.1654944243209,15.1789435076052,13.6265961271685,14.4163803318449,14.408650994354,13.5436713434237,11.6088067736134,11.5221142200928,12.3539741946374,11.2868653321315,10.613917937543,10.9168360027217,11.5089080930462,12.3885509490172,10.1343480368642,11.4084997256666,10.7792795245788,11.2004190699564,11.4987150397837,10.3698332310232,8.93600988155967,10.0214704891089,10.5880830056372,11.0615912208873,11.7200694806782,10.3849110031155,9.42179900148945,9.10153536122986,10.2444442478377,11.3801591738381,12.8681898355413,12.7480069249639,12.0791371808094,13.088154290889,11.8957718179137,12.3125851249424,11.6540991673192,10.7129944011942,11.6983580256173,12.2794416787792,12.6918464731166,14.2087247519263,13.9266591839727,13.9123130663347,13.7353092020197,12.3038197487989,13.1379925215758,13.0533605949598,12.1046190327978,11.5081185084825,10.6904296614429,11.120969711604,10.6921476097921,11.6290448996902,13.771442312511,11.168653021908,13.8366536190968,13.3455714817492,12.9455212600108,12.6223382648842,13.8009787674698,12.8820334514042,14.2939798234748,13.1519973836033,13.8820445235165,12.6510115078824,12.9284635167934,12.9237210635629,11.4991834020414
62,"Wyoming",51,10.5346110543611,9.82475442824755,9.8502900170326,10.258184685034,10.0700354391323,9.7332329055035,11.0614381994098,10.1649825120898,8.93129226099461,10.0995739083624,8.41468010256597,9.52519370445206,8.72133886220362,8.07519759844248,7.9120124550888,7.90012515954305,8.04272100302606,7.43537290875294,8.2167132991564,7.97322507556435,9.42482359393862,8.46543000971219,8.69441825540227,9.07410723984703,6.97847964663006,8.49277630810975,8.940982233015,8.78704696809985,10.0108077232953,9.35070964551923,8.49435984285776,7.0979236601047,8.69890407891083,8.42483947826592,9.68221443774416,10.4486410216015,9.09262724466223,9.55041151964086,9.36263217562247,9.61015457805793,9.49604115757723,9.06288372722123,8.47223927643952,8.82698762260441,9.07419321562519,8.52798852514918,8.85469959053129,8.14395185826029,8.67883113919826,9.45653519199979,7.7309071110332,8.88799729357762,8.91056371849621,8.26425929602483,8.55178820625783,8.10469498814752,7.95969620696327,8.46096166697447,10.4990105234761,10.4687256641161,10.9124724140121,11.3603903863997,11.3798592820005,9.88900143748825,10.2304042874835,11.377163859173,10.8450301298592,11.715526406987,11.2112938085112,11.5193326521246,10.015710224624,12.5011041845248,10.652639492791,8.89894213574914
